No. REPORTE;FECHA CREACIÓN DE SOLICITUD;EQUIPO;MARCA;MODELO;SERIE;ACTIVO FIJO ;SERVICIO;UBICACIÓN;DESCRIPCIÓN DE DAŃO;ACCIÓN REALIZADA;EJECUTADO POR;FECHA DE ATENCIÓN A LA SOLICITUD;ESTADO EN GMA SOPORTE;ESTADO DEL EQUIPO;OPORTUNIDAD;FECHA DE CIERRE A LA SOLICITUD;TIEMPO DE CIERRE A LA SOLICITUD;PARADA DEL EQUIPO;TIPO DE PARADA ;TIEMPO DE PARADA DEL EQUIPO;PARADA DEL SERVICIO;EQUIPO DE CONTINGENCIA;TIEMPO DE PARA DEL SERVICIO;CAUSA;ACCESORIO NUEVO?;OBSERVACIONES;COMENTARIOS ADICIONALES;ESTADO;Tiempo de Oportunidad (horas);Tiempo de Parada(dias);Capacidad_Respuesta (<3_DIA)
25655;1/3/2026;DOPPLER FETAL;N/A;N/A;N/A;N/A;HOSPITALIZACIÓN GINECO-OBSTETRICIA;Sala de Partos;se solicita revisar doppler fetal de sala de partos, no carga, gracias;Se realiza revisión del equipo y se encuentra en buenas condiciones funcionales, se verifica estado del cargador y de las baterías y se hacen pruebas funcionales, se retorna al servicio en buenas condiciones. ;Victor Lopez;1/3/2026;? PTE POR CONFIRMAR;?? FUNCIONAL;0:00:00;1/3/2026;0:00:00;NO ;N/A;0;NO;N/A;0;DESAJUSTE;NO;;;CERRADO;0:00:00;0;VERDADERO
25659;1/3/2026;BOMBA DE INFUSIÓN;N/A;N/A;N/A;N/A;HOSPITALIZACIÓN PEDIATRÍA;;se solicita revision de bomba de infusion ubicada en el cuarto de equipos de expansion pediatria ,gracias;Se revisa equipo y se encuentra en buenas condiciones funcionales, se realiza pruebas con test y se verifican configuraciones y alarmas. ;Victor Lopez;1/3/2026;? PTE POR CONFIRMAR;?? FUNCIONAL;0:00:00;1/3/2026;0:00:00;NO ;N/A;0;NO;N/A;0;NO PRESENTA DAŃO;NO;;;CERRADO;0:00:00;0;VERDADERO
25660;1/3/2026;CAMA ELÉCTRICA;Stryker;SV2 ;1,5731E+13;571768;HOSPITALIZACIÓN ADULTO 5° PISO;;buenas tardes. se solicita por favor revisar cama que se encuentra en el pasillo del quinto piso ya que no funciona el boton para bajar la parte inferior (pies).;Se revisa cama y se encuentra en buenas condiciones funcionales, tenía bloqueo mecánico de los pies, se hacen recomendaciones de uso al personal asistencial. Equipo Ok.;Victor Lopez;02/03/2026;? PTE POR CONFIRMAR;?? FUNCIONAL;0:00:00;02/03/2026;0:00:00;NO ;N/A;0;NO;N/A;0;DESCONOCIMIENTO DEL EQUIPO;NO;;;CERRADO;24:00:00;1;VERDADERO
25661;1/3/2026;FLUJÓMETRO;N/A;N/A;N/A;N/A;HOSPITALIZACIÓN PEDIATRÍA;;buena tarde. se solicita revicion de flujometro que se encuentra en el cuarto de equipos. gracias;Se revisa equipo y se encuentra en buenas condiciones funcionales, se verifica que no haya fugas. Equipo Ok. ;Victor Lopez;1/3/2026;? PTE POR CONFIRMAR;?? FUNCIONAL;0:00:00;1/3/2026;0:00:00;NO ;N/A;0;NO;N/A;0;NO PRESENTA DAŃO;NO;;;CERRADO;0:00:00;0;VERDADERO
25663;1/3/2026;MONITOR DE SIGNOS VITALES ;N/A;N/A;N/A;N/A;HOSPITALIZACIÓN ADULTO 5° PISO;;se solicita por favor revisar pulxovimetro de asignacion 2-3 de quinto piso gracias;Solicitud repetida, repuestos solicitados;Victor Lopez;1/3/2026;? PTE POR CONFIRMAR;?? FUNCIONAL;0:00:00;1/3/2026;0:00:00;NO ;N/A;0;NO;N;0;FALTA DE CONSUMIBLE;NO;;;CERRADO;0:00:00;0;VERDADERO
25676;2/3/2026;MONITOR DE SIGNOS VITALES ;Edan;M50;333123-M13707020019-01;545370;HOSPITALIZACIÓN ADULTO 4° PISO;;buenos dias, se solicita el favor de arreglo o cambio te tensiometro de la estacion 3 de medicina interna.;Solicitud repetida, repuestos solicitados;Victor Lopez;2/3/2026;? PTE POR CONFIRMAR;?? FUNCIONAL;0:00:00;1/3/2026;11:53:12;NO ;N/A;0;NO;N;0;FALTA DE CONSUMIBLE;NO;;;CERRADO;0:00:00;-1;VERDADERO
25677;2/3/2026;MONITOR DE SIGNOS VITALES ;Edan;M50;333123-M13707020019-01;545370;HOSPITALIZACIÓN ADULTO 4° PISO;;buenos dias, se solicita el favor de arreglo o cambio te saturador de la estacion 3 de medicina interna.;Se revisa monitor y se encuentra dańo en sensor de SPO2, no permite reparación, requiere cambio, se inicia proceso de adquisición del repuesto. ;Victor Lopez;02/03/2026;? TRABAJANDO;?? EN ESPERA DE REPUESTO;0:00:00;02/03/2026;0:00:00;NO ;N/A;0;NO;N/A;0;FALTA DE CONSUMIBLE;NO;;;PENDIENTE;0:00:00;1;VERDADERO
25680;2/3/2026;VENTILADOR MECÁNICO ;N/A;N/A;N/A;N/A;CUIDADO INTENSIVO NEONATAL;;tapa protectora de la valvula exhalatoria del ventilador #3 reventada;Se revisa válvula y se encuentra dańo en tapa, se procede a realizar el cambio de la tapa y se hacen pruebas funcionales.;Victor Lopez;2/3/2026;? PTE POR CONFIRMAR;?? FUNCIONAL;0:00:00;2/3/2026;0:00:00;NO ;N/A;0;NO;N/A;0;DESGASTE;NO;;;CERRADO;0:00:00;1;VERDADERO
25688;2/3/2026;REGULADOR DE OXÍGENO;N/A;N/A;N/A;N/A;QUIRÓFANO;;buenos dias por fvaor revisar aire de pared sala 3 gracias;Se revisa equipo y se encuentra desajuste en manguera y conector de aire, se procede a realizar el ajuste correspondiente y se hacen pruebas funcionales. ;Camilo Ramirez;02/03/2026;? PTE POR CONFIRMAR;?? FUNCIONAL;0:00:00;02/03/2026;0:00:00;NO ;N/A;0;NO;N/A;0;DESAJUSTE;NO;;;CERRADO;0:00:00;1;VERDADERO
25702;2/3/2026;DESFIBRILADOR ;Nihon Kohden;TEC-5631;01738;574600;CUIDADO INTENSIVO PEDIÁTRICO;;buena tarde se solicita  favor de revisar desfibrilador de la uci pediatrica ya que se estaba usando en codigo y empezo a sonar por bateria a los pocos minutos de desconectarlo;Se revisa equipo y se haecen pruebas funcionales, el equipo funciona normalmente pero requiere cambio de baterías por cumplimiento de tiempo de vida útil, se inicia proceso de adquisición de repuesto. ;Victor Lopez;02/03/2026;? TRABAJANDO;?? EN ESPERA DE REPUESTO;0:00:00;02/03/2026;0:00:00;NO ;N/A;0;NO;N/A;0;DESGASTE;NO;;;PENDIENTE;0:00:00;1;VERDADERO
25713;2/3/2026;INCUBADORA;Bng Medical;EcoLa 3000;A0210518248N;572798;CUIDADO INTENSIVO NEONATAL;;buena tarde se solicita reparar incubadora marca bng con activo fijo numero 572798 ubicada en el cubiculo 11 de uci neonatos ya que muestra falla el sensor de temperatura y no calienta , gracia spro su pronta colaboracion ,;Se revisa el equipo y se enceuntra módulo de sensor de piel desconectado en la base, se procede a realizar el ajuste del conector y se hacen pruebas funcionales, se entrega al servicio en buenas condiciones. ;Victor Lopez;03/03/2026;? PTE POR CONFIRMAR;?? FUNCIONAL;0:00:00;03/03/2026;0:00:00;NO ;N/A;0;NO;N/A;0;DESAJUSTE;NO;;;CERRADO;24:00:00;2;VERDADERO
25719;3/3/2026;NEVERA;Harris;HLT23U4BBA12;T016D66907TD;505204;BANCO DE SANGRE;;hola, buen dia, se solicita amablemente la revision de la nevera numero 2 ya que esta presenta subidas de temperatura, se necesita refrigerante;Se revisa equipo y se realiza procedimiento de nivelación de refrigerante, se realizan pruebas funcionales, equipo Ok;David Ospina;03/03/2026;? PTE POR CONFIRMAR;?? FUNCIONAL;0:00:00;03/03/2026;0:00:00;;;0;;;0;;;;;;0:00:00;1;VERDADERO
25720;3/3/2026;MONITOR DE SIGNOS VITALES ;Edan;M50;333123-M14102120051;545695;HOSPITALIZACIÓN GINECO-OBSTETRICIA;;por favor revisar saturador del monitor de signos de estacion 2 ginecologia;Se revisa equipo y se encuentra dańo en conector del sensor al equipo, se procede a reparar el sensor y se realizan pruebas funcionales, se entrega al servicio en buenas condiciones. ;Victor Lopez;03/03/2026;? PTE POR CONFIRMAR;?? FUNCIONAL;0:00:00;03/03/2026;0:00:00;NO ;N/A;0;NO;N/A;0;DESAJUSTE;NO;;;CERRADO;0:00:00;1;VERDADERO
25721;3/3/2026;CAMA ELÉCTRICA;Dometal;QUAXAR 131-70;3706A45;544643;HOSPITALIZACIÓN ADULTO 5° PISO;;cama paciente que no funciona los controles;Se revisa equipo y se detecta dańo en el control de mando del mismo, no permite reparación, por tal motivo se inicia proceso de adquisición de repuesto, a la espera de llegada e instalación.  Soporte duplicado, repuesto solicitado. ;Victor Lopez;3/3/2026;? PTE POR CONFIRMAR;?? EN ESPERA DE REPUESTO;0:00:00;3/3/2026;0:00:00;NO ;N/A;0;NO;N/A;0;FALLA INTERNA ;NO;;;PENDIENTE;0:00:00;1;VERDADERO
25723;3/3/2026;TENSIÓMETRO MANUAL;Alpk2;NO DEFINIDO;136266;548574;CONSULTA EXTERNA;;buenos días para solicitar revisar tensiómetro del consultorio 10, gracias quedo atenta.;Se revisa el equipo y se encuentra pera en mal estado, se procede a reparar y se realizan pruebas funcionales, se entrega al servicio en buenas condiciones. ;Victor Lopez;06/03/2026;? PTE POR CONFIRMAR;?? FUNCIONAL;0:00:00;06/03/2026;0:00:00;NO ;N/A;0;NO;N/A;0;DESAJUSTE;NO;;;CERRADO;72:00:00;4;FALSO
25724;3/3/2026;MONITOR DE SIGNOS VITALES ;Edan;IM70;360080-M17C02250007;550042;HOSPITALIZACIÓN GINECO-OBSTETRICIA;Sala de Partos;s se solicita revisar monito de signos vitales en sala de partos, no toma tension arterial, activo fijo #550042;Se revisa monitor y se encuentra dańo en brazalete, se realiza cambio y se entrega uno nuevo al servicio, se realizan pruebas funcionales y se entrega al servicio el equipo en buenas condiciones. ;Victor Lopez;03/03/2026;? PTE POR CONFIRMAR;?? FUNCIONAL;0:00:00;03/03/2026;0:00:00;NO ;N/A;0;NO;N/A;0;FALLA INTERNA ;SÍ;Se entrega brazalete nuevo adulto 1 vía ;;CERRADO;0:00:00;1;VERDADERO
25727;3/3/2026;MONITOR DE SIGNOS VITALES ;Edan;M50;333123-M14102120047-01;545690;HOSPITALIZACIÓN QUIRÚRGICAS;;se solicita el favor de revisar oximetro del monitor de signos de la estacion #1 de quirurgicas, s ele revento el resorte de pinza, por lo que se encuentra sujeto con micropore, si funciona y censa  la pulsioximetria. ;Se revisa el equipo y se encuentra dańo en sensor de SPO2, se procede a reparar y se hacen pruebas funcionales, se retorna al servicio en buenas condiciones. ;Victor Lopez;04/03/2026;? PTE POR CONFIRMAR;?? FUNCIONAL;0:00:00;04/03/2026;0:00:00;NO ;N/A;0;NO;N/A;0;DESAJUSTE;NO;;;CERRADO;24:00:00;2;VERDADERO
25732;3/3/2026;MONITOR DE SIGNOS VITALES ;Mindray;BENEVIEW T5;CM-3B134854;545474;CUIDADO INTENSIVO ADULTO;;cubiculo 221 de uci adultos estacion 2, con termometro y saturador dańados.  se deja termometro en cajon de estacion y saturador de oxigeno en cubiculo;Se revisa el equipo y se encuentra dańo en sensor de temperatura, se inicia proceso de adquisición, pendiente de entrega.  12/03/2026 se entrega sensor de temperatura nuevo al servicio y se hacen pruebas funcionales. Equipo Ok. ;Victor Lopez;03/03/2026;? PTE POR CONFIRMAR;?? FUNCIONAL;0:00:00;04/03/2026;0:00:00;NO ;N/A;0;NO;N/A;0;FALTA DE CONSUMIBLE;SÍ;Se entrega sensor de temperatura nuevo al servicio;;CERRADO;0:00:00;2;VERDADERO
25738;3/3/2026;MONITOR DE SIGNOS VITALES ;N/A;N/A;N/A;N/A;QUIRÓFANO;;buenos dias por favor revisar sensor de oximetria monitor edan sala 4 gracias;Se revisa equipo y se encuentra dańo en conector del sensor al equipo, se procede a reparar el sensor y se realizan pruebas funcionales, se entrega al servicio en buenas condiciones. ;Victor Lopez;03/03/2026;? PTE POR CONFIRMAR;?? FUNCIONAL;0:00:00;03/03/2026;0:00:00;NO ;N/A;0;NO;N/A;0;DESAJUSTE;NO;;;CERRADO;0:00:00;1;VERDADERO
25745;3/3/2026;DESFIBRILADOR ;Comen;S5;S5230703024;572076;CUIDADO INTENSIVO ADULTO;;por favor revisar urgente carro de paro de la uci que presenta fallas en la realizacion de la prueba en el paso de la fuente de energia;Se revisa equipo y se encuentra dańo en palas de descarga, se procede a solicitar y se inicia proceso de adquisición. equipo fuera de servicio en taller de mantenimiento biomédico hasta entrega de repuesto. ;Camilo Ramirez;09/03/2026;? TRABAJANDO;?? FUERA DE SERVICIO;0:00:00;;11:53:12;SI;PARCIAL;0;NO;N/A;0;FALLA INTERNA ;NO;;;PENDIENTE COTIZAR;144:00:00;-32917;FALSO
25746;3/3/2026;OTROS EQUIPOS BIOMÉDICOS;N/A;N/A;N/A;N/A;BANCO DE SANGRE;;hola, buen dia, se solicita amablemente la colaboracion para cambiar y/o ajustar la posicion del agitador del plaquetas ya que se encuentra donde no corresponde.;se realiza traslado del equipo a nuevo puesto y se hacen pruebas funcionales. Equipo Ok.;Victor Lopez;3/3/2026;? PTE POR CONFIRMAR;?? FUNCIONAL;0:00:00;3/3/2026;0:00:00;NO ;N/A;0;NO;N/A;0;NO PRESENTA DAŃO;NO;;;CERRADO;0:00:00;1;VERDADERO
25756;4/3/2026;MONITOR DE SIGNOS VITALES ;Comen;C80;K8231030005;572055;URGENCIAS ADULTOS;Reanimación;se solicita el arreglo del brasalete del monitor de reanimacion que al insuflar se le siente fuga y no toma la presion.;Se revisa el equipo y se encuentra fuga en brazalete, no permite reparación, se procede a realizar el cambio del brazalete y se entrega uno nuevo al servicio, se realizan pruebas funcionales, equipo ok. ;Victor Lopez;04/03/2026;? PTE POR CONFIRMAR;?? FUNCIONAL;0:00:00;04/03/2026;0:00:00;NO ;N/A;0;NO;N/A;0;DESGASTE;SÍ;Se entrega brazalete 1 vía adulto nuevo al servicio;;CERRADO;0:00:00;1;VERDADERO
25768;4/3/2026;MONITOR DE SIGNOS VITALES ;Edan;iM70;360080-M20909270001;573325;URGENCIAS ADULTOS;Consultorio;buen dia. por favor revisar saturador de o2 de monitor de signos vitales de consultorio de urgencias adultos, por favor urgente . muchas gracias.;Se revisa el equipo y se encuentra dańo en sensor de SPO2, se procede a reparar y se hacen pruebas funcionales, se retorna al servicio en buenas condiciones. ;Victor Lopez;04/03/2026;? PTE POR CONFIRMAR;?? FUNCIONAL;0:00:00;04/03/2026;0:00:00;NO ;N/A;0;NO;N/A;0;DESAJUSTE;NO;;;CERRADO;0:00:00;1;VERDADERO
25770;4/3/2026;CAMA ELÉCTRICA;Los Pinos;1060 BC;502387;545501;CUIDADO INTENSIVO ADULTO;;se solicita amablemente de manera prioritaria servicio de mantenimiento para cama ubicada en cubiculo ·# 27 de uci adulto ya que no enciende;se revisa cama y se encuentra dańo en paneles laterales, se inicia proceso de reparación, requiere reconstrucción de conexiones electrónicas internas del panel y revisión del módulo principal. en taller de mantenimiento biomédico a la espera de reparación.;Victor Lopez;4/3/2026;? TRABAJANDO;?? FUERA DE SERVICIO;0:00:00;4/3/2026;0:00:00;NO ;N/A;0;NO;N/A;0;DESAJUSTE;NO;;;PENDIENTE;0:00:00;1;VERDADERO
25783;4/3/2026;VENTILADOR MECÁNICO ;N/A;N/A;N/A;N/A;CUIDADO INTENSIVO PEDIÁTRICO;;valvula draguer  con mal funcionamiento( marca fuga);Se revisa válvula y se encuentra fuga en vaso de trampa de agua, se procede a realizar el cambio de la trampa y se hacen pruebas funcionales, equipo ok. ;Victor Lopez;4/3/2026;? PTE POR CONFIRMAR;?? FUNCIONAL;0:00:00;4/3/2026;0:00:00;NO ;N/A;0;NO;N/A;0;DESAJUSTE;NO;;;CERRADO;0:00:00;1;VERDADERO
25785;4/3/2026;VENTILADOR MECÁNICO ;Mindray;SV-300;GR-98010197;574284;URGENCIAS ADULTOS;Reanimación;pántalla de ventilador # 2 mindray bloqueado   en sala de reanimacion urgencias adulto.   de carácter urgente.;Se revisa el equipo y se encuentra bloqueo en pantalla, se procede a desbloquear y se realizan pruebas funcionales, se entrega al servicio en buenas condiciones. ;Victor Lopez;4/3/2026;? PTE POR CONFIRMAR;?? FUNCIONAL;0:00:00;4/3/2026;0:00:00;NO ;N/A;0;NO;N/A;0;USO INADECUADO;NO;;;CERRADO;0:00:00;1;VERDADERO
25789;4/3/2026;FLUJÓMETRO;N/A;N/A;N/A;N/A;QUIRÓFANO;;buenas tardes, se realiza soporte de flujometro descalibrado;Se revisa equipo y se encuentra dentro de los parámetros normales de funcionamiento, se realiza chequeo de fugas, equipo ok. ;Victor Lopez;4/3/2026;? PTE POR CONFIRMAR;?? FUNCIONAL;0:00:00;4/3/2026;0:00:00;NO ;N/A;0;NO;N/A;0;NO PRESENTA DAŃO;NO;;;CERRADO;0:00:00;1;VERDADERO
25795;4/3/2026;MONITOR DE SIGNOS VITALES ;Edan;M50;333123-M14102120024-01;545692;HOSPITALIZACIÓN QUIRÚRGICAS;;buenas tardes favor revisar el oximetro del monitor af545692;Se revisa el equipo y se encuentra dańo en sensor de SPO2, no permite reparación, se procede a realizar cambio de sensor, se realizan pruebas funcionales y se entrega al servicio en buenas condiciones. ;Victor Lopez;04/03/2026;? PTE POR CONFIRMAR;?? FUNCIONAL;0:00:00;04/03/2026;0:00:00;NO ;N/A;0;NO;N/A;0;FALLA INTERNA ;SÍ;Se entrega sensor de SPO2 nuevo al servicio SN:FD202510280920413;;CERRADO;0:00:00;1;VERDADERO
25800;5/3/2026;OTROS EQUIPOS BIOMÉDICOS;N/A;N/A;N/A;N/A;URGENCIAS ADULTOS;;buenos dias, en el servicio de obs hombres no deja registrar oxigenos, muchas gracisa;Se revisa equipo y se encuentra en buenas condiciones funcionales. ;Victor Lopez;5/3/2026;? PTE POR CONFIRMAR;?? FUNCIONAL;0:00:00;5/3/2026;0:00:00;NO ;N/A;0;NO;N/A;0;NO PRESENTA DAŃO;NO;;;CERRADO;0:00:00;1;VERDADERO
25829;5/3/2026;FONENDOSCOPIO;Adc;ADSCOPE-LITE REF:609BK;NA;573479;CUIDADO INTENSIVO PEDIÁTRICO;;buena tar de se solicita el favor de arreglar la oliva del fonendoscopio del cubiculo 3 de la uci pediatrica muchas gracias;Se revisa equipo y se encuentra dańo en oliva, se procede a realizar el cambio y se hacen pruebas funcionales, se retorna al servicio en buenas condiciones. ;Victor Lopez;5/3/2026;? PTE POR CONFIRMAR;?? FUNCIONAL;0:00:00;5/3/2026;0:00:00;NO ;N/A;0;NO;N/A;0;DESGASTE;NO;;;CERRADO;0:00:00;1;VERDADERO
25839;5/3/2026;MONITOR DE SIGNOS VITALES ;Draeger;VISTA 120 S;S2SNF4421;573314;CUIDADO INTENSIVO NEONATAL;;favor revisar sensor de temperatura del monitor de la temperatura de la cama n.6 uci neonatos;Se revisa equipo y se encuentra sensor de temperatura en mal estao, se procede a cambiar y se realizan pruebas funcionales. Equipo ok. ;Victor Lopez;5/3/2026;? PTE POR CONFIRMAR;?? FUNCIONAL;0:00:00;5/3/2026;0:00:00;NO ;N/A;0;NO;N/A;0;DESGASTE;NO;;;CERRADO;0:00:00;1;VERDADERO
25845;6/3/2026;MONITOR DE SIGNOS VITALES ;;;;572058;URGENCIAS ADULTOS;;buenos dias solicito soporte tecnico para el saturador del monitor de signos vitales de expansion hombres, muchas gracias;buenos dias solicito soporte tecnico para el saturador del monitor de signos vitales de expansion hombres, muchas gracias;;;? PTE POR CONFIRMAR;;###############################################################################################################################################################################################################################################################;;11:53:12;;;0;;;0;;;;;;###############################################################################################################################################################################################################################################################;-32920;VERDADERO
25846;6/3/2026;TERMOHIGRÓMETRO;N/A;N/A;N/A;N/A;URGENCIAS ADULTOS;;buenos dias solicito soporte tecnico para el termometro de expansion hombres ya que no prende, muchas gracias;Se revisa el equipo y se encuentra en buenas condiciones funcionales, se verifica estado de las baterías y el display, equipo ok. ;Leonardo Marín;6/3/2026;? PTE POR CONFIRMAR;?? FUNCIONAL;0:00:00;6/3/2026;0:00:00;NO ;N/A;0;NO;N/A;0;NO PRESENTA DAŃO;NO;;;CERRADO;0:00:00;1;VERDADERO
25855;6/3/2026;TENSIÓMETRO MANUAL;Alpk2;NO DEFINIDO;136266;548574;CONSULTA EXTERNA;;se solicita revisar tensiometro manual del consultorio 10 ya que se observa dańado consulta externa segundo piso de manera ugenteeee ya que se estamos en consulta muchas gracias;Se revisa el equipo y se encuentra pera en mal estado, se procede a reparar y se realizan pruebas funcionales, se entrega al servicio en buenas condiciones. ;Victor Lopez;06/03/2026;? PTE POR CONFIRMAR;?? FUNCIONAL;0:00:00;06/03/2026;0:00:00;NO ;N/A;0;NO;N/A;0;DESAJUSTE;NO;;;CERRADO;0:00:00;1;VERDADERO
25856;6/3/2026;CAMA ELÉCTRICA;Los Pinos;1060 BC;502383;545499;CUIDADO INTENSIVO ADULTO;;buenos dias se reporta cama del cubiculo 15 no permite subir la cabecera.;Se revisa cama y se encuentra dańo en motor de cabecera, se procede a realizar el cambio del motor y se hacen pruebas funcionales, se entrega al servicio en buenas condiciones. ;Victor Lopez;06/03/2026;? PTE POR CONFIRMAR;?? FUNCIONAL;0:00:00;06/03/2026;0:00:00;NO ;N/A;0;NO;N/A;0;DESAJUSTE;NO;;;CERRADO;0:00:00;1;VERDADERO
25861;6/3/2026;MONITOR DE SIGNOS VITALES ;Edan;M50;333123-M14102120001;545697;HOSPITALIZACIÓN ADULTO 4° PISO;;por favor cambiar brazalete de monitor de signos de activo fijo 545697 presenta fuga;Se revisa equipo y se encuentra fuga en brazalete, no permite reparación, se procede a realizar el cambio y se entrega uno nuevo al servicio, se realizan pruebas funcionales. Equipo -ok;Victor Lopez;06/03/2026;? PTE POR CONFIRMAR;?? FUNCIONAL;0:00:00;06/03/2026;0:00:00;NO ;N/A;0;NO;N/A;0;DESGASTE;SÍ;Se entrega brazalete 1 vía adulto nuevo al servicio;;CERRADO;0:00:00;1;VERDADERO
25863;6/3/2026;MONITOR DE SIGNOS VITALES ;Edan;iM70;360080-M20909270003;573330;HOSPITALIZACIÓN GINECO-OBSTETRICIA;Sala de Partos;buenos dias se monta soporte para pulso oximetro sala de partos con activo fijo 573330;Se revisa equipo y se encuentra dańo en sensor de SPO2, no permite reparación, se procede a realizar el cambio y se entrega uno nuevo al servicio, se realizan pruebas funcionales. Equipo -ok;Victor Lopez;06/03/2026;? PTE POR CONFIRMAR;?? FUNCIONAL;0:00:00;06/03/2026;0:00:00;NO ;N/A;0;NO;N/A;0;DESGASTE;SÍ;Se realiza entrega de sensor de SPO2 adulto nuevo al servicio con serie: FD202510280920416;;CERRADO;0:00:00;1;VERDADERO
25865;6/3/2026;MONITOR DE SIGNOS VITALES ;Edan;M50;333123-M13707020049-01;545372;HOSPITALIZACIÓN ADULTO 4° PISO;;buenos días, se realiza revisión del monitor de signos vitales, efectuando el cambio del brazalete por uno nuevo con el código 24537.;Se revisa equipo y se encuentra fuga en brazalete, no permite reparación, se procede a realizar el cambio y se entrega uno nuevo al servicio, se realizan pruebas funcionales. Equipo -ok;Victor Lopez;06/03/2026;? PTE POR CONFIRMAR;?? FUNCIONAL;0:00:00;06/03/2026;0:00:00;NO ;N/A;0;NO;N/A;0;DESGASTE;SÍ;Se entrega brazalete 1 vía adulto nuevo al servicio;;CERRADO;0:00:00;1;VERDADERO
25867;6/3/2026;MONITOR DE SIGNOS VITALES ;Edan;M50;333123-M13707020064-01;545367;HOSPITALIZACIÓN ADULTO 5° PISO;;buenos dias, se solicita el favor de arreglo de oximetro de la estacion 2 del 5to piso, no funciona.;Se revisa equipo y se encuentra dańo en sensor de SPO2, no permite reparación, se procede a realizar el cambio del sensor y se entrega uno nuevo al servicio, se realizan pruebas funcionales. Equipo Ok;Victor Lopez;06/03/2026;? PTE POR CONFIRMAR;?? FUNCIONAL;0:00:00;06/03/2026;0:00:00;NO ;N/A;0;NO;N/A;0;DESGASTE;SÍ;Se realiza entrega de sensor de SPO2 adulto nuevo al servicio con serie: FD202510280920499;;CERRADO;0:00:00;1;VERDADERO
25868;6/3/2026;MONITOR DE SIGNOS VITALES ;Edan;M50;333123-M13707020054-01;545371;HOSPITALIZACIÓN ADULTO 5° PISO;;buenos dias, se solicita el favor de arreglo de oximetro de la estacion 3 del 5to piso, no funciona.;Se revisa monitor y se encuentra sensor de SPO2 en buenas condiciones funcionales, se verifica accesorios y configuración, equipo ok. ;Victor Lopez;06/03/2026;? PTE POR CONFIRMAR;?? FUNCIONAL;0:00:00;06/03/2026;0:00:00;NO ;N/A;0;NO;N/A;0;NO PRESENTA DAŃO;NO;;;CERRADO;0:00:00;1;VERDADERO
25871;6/3/2026;MONITOR DE SIGNOS VITALES ;Mindray;BENEVIEW T5;CM-5C147332;549374;UNIDAD CRÍTICA OBSTÉTRICA;;por favor revisar termometro  del monotor    cama  6;Se revisa el equipo y se encuentra sensor de temperatura en mal estado, se procede a realizar el cambio del mismo y se entrega uno nuevo al servicio, se realizan pruebas funcionales. Equipo ok. ;Victor Lopez;11/03/2026;? PTE POR CONFIRMAR;?? FUNCIONAL;0:00:00;11/03/2026;0:00:00;NO ;N/A;0;NO;N/A;0;FALLA INTERNA ;SÍ;Se realiza entrega de sensor de temperatura nuevo al servicio;;CERRADO;120:00:00;4;FALSO
25887;6/3/2026;DESFIBRILADOR ;Philips;HEARTSTART XL+;USD1203888;545108;URGENCIAS ADULTOS;Reanimación;desfibrilador no imprime al momento de la monitorizacion y cardioversion del paciente,y aparte la puerta donde se almacena royo para ekg se encuentra dańada;Se revisa equipo y se encuentra falla en batería, cable de ecg e impresora, ya está en proceso de adquisición, se cierra soporte ya que está duplicado. ;Victor Lopez;6/3/2026;? PTE POR CONFIRMAR;?? FUNCIONAL;0:00:00;6/3/2026;0:00:00;NO ;N/A;0;NO;N/A;0;DESGASTE;NO;;;CERRADO;0:00:00;1;VERDADERO
25890;6/3/2026;BOMBA DE INFUSIÓN;;;23056864;;HOSPITALIZACIÓN PEDIATRÍA;;buen dia se solicita colaboracion para revisar bomba de unfusion ubicada en pediatria salas cuarto de equipos por mal funcionamiento.;Se revisa equipo y se encuentra dańo en mecanismo por el ingreso de líquidos, equipo fuera de servicio hasta reemplazo del mecanismo. ;Victor Lopez;10/03/2026;? TRABAJANDO;?? FUERA DE SERVICIO;0:00:00;10/03/2026;0:00:00;SI;PARCIAL;0;NO;N/A;0;USO INADECUADO;NO;;;PENDIENTE;96:00:00;3;VERDADERO
25891;7/3/2026;BOMBA DE INFUSIÓN;;;21397368;;HOSPITALIZACIÓN PEDIATRÍA;;se solicicta revision de bomba de infusion la cual dice aire distal negativo y bateria baja;Se revisa equipo por parte del proveedor icu medical y se encuentra dańo en puerta, se reemplaza, se reemplaza batería y sensores de presión. Se entrega al servicio en buenas condiciones. ;Victor Lopez;11/03/2026;? PTE POR CONFIRMAR;?? FUNCIONAL;0:00:00;11/03/2026;0:00:00;NO ;N/A;0;NO;N/A;0;USO INADECUADO;NO;;;CERRADO;96:00:00;3;VERDADERO
25909;8/3/2026;MONITOR DE SIGNOS VITALES ;;;;;CUIDADO INTENSIVO ADULTO;;pulsioximetro del monitor el cubiculo 26 dańado.;Se revisa el equipo y se encuentra dańo en sensor de SPO2 adulto, se procede a reparar el sensor y se realizan pruebas funcionales, equipo ok.;Victor Lopez;16/03/2026;? PTE POR CONFIRMAR;?? FUNCIONAL;0:00:00;16/03/2026;0:00:00;NO ;N/A;0;NO;N/A;0;DESGASTE;SÍ;"Se entrega sensor de SPO2 nuevo al servicio con número de serie; FD202510280920417";;CERRADO;192:00:00;6;FALSO
25911;9/3/2026;INCUBADORA;Bng Medical;EcoLa 3000;A0210518248N;572798;CUIDADO INTENSIVO NEONATAL;;cordial saludo, deseo informar sobre el fallo que aparece en el panel de la incubadora bng con activo fijo 572798 (fallo en sensor 3, temperatura de aire baja), muchas gracias por su colaboración y pronta respuesta.;Se revisa equipo y se encuentra dańo en módulo de temperatura, se procede a realizar el cambio del módulo y se realizan pruebas funcionales, se entrega al servicio en buenas condiciones. ;Victor Lopez;09/03/2026;? PTE POR CONFIRMAR;?? FUNCIONAL;0:00:00;09/03/2026;0:00:00;NO ;N/A;0;NO;N/A;0;FALLA INTERNA ;NO;;;CERRADO;0:00:00;1;VERDADERO
25915;9/3/2026;CAMA ELÉCTRICA;Los Pinos;740 S V.07;500519;545162;CUIDADO INTENSIVO PEDIÁTRICO;;cuna del cubiculo 5 de la uci pediatria no prende el control.;Se revisa cama y se encuentra desajuste en fusible de alimentación de la caja de control, se realiza el ajuste y se hacen pruebas funcionales, se entrega al servicio en buenas condiciones. ;Victor Lopez;09/03/2026;? PTE POR CONFIRMAR;?? FUNCIONAL;0:00:00;09/03/2026;0:00:00;NO ;N/A;0;NO;N/A;0;FALLA INTERNA ;NO;;;CERRADO;0:00:00;1;VERDADERO
25919;9/3/2026;NEVERA;Fogel;FRSTEL CC-7;NO DEFINIDO;573094;FARMACIA;;se solicita revision de la nevera del servicio farmaceutico debido a que esta soltando agua., la temperatura se observa;Se revisa equipo y se encuentra taponamiento, se realiza corrección de falla en el desague y se hacen pruebas funcionales. Equipo Ok.;David Ospina;9/3/2026;? PTE POR CONFIRMAR;?? FUNCIONAL;9/3/2026;9/1/1900;11:53:12;NO ;N/A;0;NO;N/A;0;DESAJUSTE;NO;;;CERRADO;0:00:00;-32916;VERDADERO
25921;9/3/2026;MONITOR DE SIGNOS VITALES ;Edan;IM70;33123-M15907420043-01;572658;CUIDADO INTENSIVO ADULTO;;buenos dias se solicita por favor revision de monitor de transporte de la uci adultos  ya que no cuenta con saturador, gracias.;Se revisa el equipo y se encuentra dańo en sensor de SPO2 adulto, no permite reparación, se procede a realizar el cambio y se entrega uno nuevo al servicio, se realizan pruebas funcionales, equipo ok. ;Victor Lopez;16/03/2026;? PTE POR CONFIRMAR;?? FUNCIONAL;0:00:00;16/03/2026;0:00:00;NO ;N/A;0;NO;N/A;0;DESGASTE;SÍ;"Se entrega sensor de SPO2 nuevo al servicio con número de serie; FD202510280920417";;CERRADO;168:00:00;6;FALSO
25930;9/3/2026;CONGELADOR;Harris;HLT 23 VPF;HLT23V30PFABA;543935;BANCO DE SANGRE;;hola, buen dia, se solicita amablemente la revision de la puerta de uno de los congeladores (#1) del area de neveras ya que este se evidencia la salida de un caucho el cual no cierra y por ende no congela;Se revisa equipo y se encuentra desgaste en empaque principal de la puerta, se realiza el ajuste y el equipo queda en buenas condiciones funcionales, se recomienda cambio de empaque. ;David Ospina;9/3/2026;? PTE POR CONFIRMAR;?? FUNCIONAL;9/3/2026;9/1/1900;11:53:12;NO ;N/A;0;NO;N/A;0;DESAJUSTE;NO;;;CERRADO;0:00:00;-32916;VERDADERO
25935;9/3/2026;MONITOR DE SIGNOS VITALES ;Edan;IM8;360001/M19910220035;573990;URGENCIAS PEDIATRÍA;;buenas tardes porfavor para hacerle mantenimiento al monitor de urgencias pediatria, gracias;Se revisa el equipo y se encuentra en buenas condciones funcionales, se verifica estado de los accesorios y las configuraciones y se realizan pruebas funcionales, se retorna al servicio en buenas condiciones. ;Victor Lopez;09/03/2026;? PTE POR CONFIRMAR;?? FUNCIONAL;0:00:00;09/03/2026;0:00:00;NO ;N/A;0;NO;N/A;0;NO PRESENTA DAŃO;NO;;;CERRADO;0:00:00;1;VERDADERO
25937;9/3/2026;BOMBA DE INFUSIÓN;;;17950987;;URGENCIAS ADULTOS;;buenas tardes solicito revision de bomba de infusion ubicada en pasillo  consecutivo 17950987 presenta un mensaje de bateria agotada aun estado conectada a la luz gracias;Se revisa equipo por parte del proveedor y se encuentra falla en batería, se procede a realizar el cambio y se hacen pruebas funcionales, se retorna al servicio en buenas condiciones. ;Victor Lopez;11/3/2026;? PTE POR CONFIRMAR;?? FUNCIONAL;0:00:00;11/3/2026;0:00:00;NO ;N/A;0;NO;N/A;0;FALLA INTERNA ;NO;;;CERRADO;48:00:00;3;VERDADERO
25957;10/3/2026;FLUJÓMETRO;N/A;N/A;N/A;N/A;URGENCIAS ADULTOS;;flujometro de sala de observacion hombres con fecha de calibracion 2025-10-10 ( m0971025) no funciona.;Se revisa equipo y se encuentra desajuste en válvula reguladora, se procede a realizar el ajuste y se hacen pruebas funcionales, se entrega en buenas condiciones. ;Victor Lopez;11/03/2026;? PTE POR CONFIRMAR;?? FUNCIONAL;0:00:00;11/03/2026;0:00:00;NO ;N/A;0;NO;N/A;0;DESAJUSTE;NO;;;CERRADO;24:00:00;2;VERDADERO
25958;10/3/2026;MONITOR DE SIGNOS VITALES ;Edan;iM70;360080-M20912910010;573327;CUIDADO INTENSIVO ADULTO;;no fiunciona tensiometro monitor cama 12;Se revisa el equipo y se enceuntra fuga en manguera de nibp, se procede a cortar la manguera para eliminar la fuga, se realizan pruebas funcionales y se deja en buenas condiciones en el servicio. ;Victor Lopez;10/3/2026;? PTE POR CONFIRMAR;?? FUNCIONAL;0:00:00;10/3/2026;0:00:00;NO ;N/A;0;NO;N/A;0;DESAJUSTE;NO;;;CERRADO;0:00:00;1;VERDADERO
25971;10/3/2026;MONITOR DE SIGNOS VITALES ;Edan;iM70;360080-M20912910010;573327;CUIDADO INTERMEDIO ADULTO;;por medio de la presente se realiza solicitud para revisión del monitor de signos vitales del cubículo 12 de intermedios adultos dado que no censa presión arterial.;Se revisa el equipo y se enceuntra fuga en manguera de nibp, se procede a cortar la manguera para eliminar la fuga, se realizan pruebas funcionales y se deja en buenas condiciones en el servicio. ;Victor Lopez;10/3/2026;? PTE POR CONFIRMAR;?? FUNCIONAL;0:00:00;10/3/2026;0:00:00;NO ;N/A;0;NO;N/A;0;DESAJUSTE;NO;;;CERRADO;0:00:00;1;VERDADERO
25980;10/3/2026;BOMBA DE INFUSIÓN;;;21397525;;HOSPITALIZACIÓN QUIRÚRGICAS;;buenos dias se solicita revisar bomba de infusion estacion 2 de enfermeria tercer piso quirurgicas dice: no se reconoce cassette gracias;Se revisa equipo por parte del proveedor icu medical y se realiza cambio de fluid shield, se realizan pruebas funcionales y se retorna al servicio en buenas condiciones. ;Victor Lopez;18/03/2026;? PTE POR CONFIRMAR;?? FUNCIONAL;0:00:00;18/03/2026;0:00:00;NO ;N/A;0;NO;N/A;0;FALLA INTERNA ;NO;;;CERRADO;192:00:00;7;FALSO
26022;11/3/2026;MONITOR DE SIGNOS VITALES ;Mindray;BENEVIEW T5;CM-3B134868;545465;CUIDADO INTENSIVO ADULTO;;buenos dia se solicita por favor revision de censor de temperatura del cubiculo 25 de la uci adultos el cual se observa partido, queda en la estacion 2 de enfermeria, gracias.;Se revisa equipo y se encuentra sensor de temperatura en mal estado, no permite reparación, se procede a realizar el cambio del mismo y se entrega uno nuevo al servicio, se realizan pruebas funcionales. Equipo Ok.;Victor Lopez;12/03/2026;? PTE POR CONFIRMAR;?? FUNCIONAL;0:00:00;12/03/2026;0:00:00;NO ;N/A;0;NO;N/A;0;FALLA INTERNA ;NO;;;CERRADO;24:00:00;2;VERDADERO
26023;11/3/2026;MONITOR DE SIGNOS VITALES ;Edan;M50;333123-M14102120051;545695;HOSPITALIZACIÓN GINECO-OBSTETRICIA;;hola buen dia se reporta pulsoximetro de monitor de signos estacion 3 de ginecologia , esta soltandose de los borden por favor para revisarlo antes de que se dańe gracias;Se revis aequipo y se encuentra carcasa del sensor de SPO2 en mal estado, se procede a cambiar la carcasa y se realizan pruebas funcionales. Equipo Ok.;Victor Lopez;11/03/2026;? PTE POR CONFIRMAR;?? FUNCIONAL;0:00:00;11/01/1900;11:53:12;NO ;N/A;0;NO;N/A;0;DESAJUSTE;NO;;;CERRADO;0:00:00;-32916;VERDADERO
26027;11/3/2026;TERMOHIGRÓMETRO;N/A;N/A;N/A;N/A;QUIRÓFANO;Sala #3;buenos dias se coloca soporte para arreglar urgente tergohigometro de la sala 3 del quirofano. muchas gracias;Se revisa equipo y se encuentra desajuste en pantalla, por lo cuál no mostraba ningún número, se procede a realizar el ajuste correspondiente y se hacen pruebas funcionales, se retorna al servicio en buenas condiciones. ;Cristian Hurtado;11/03/2026;? PTE POR CONFIRMAR;?? FUNCIONAL;0:00:00;11/03/2026;0:00:00;NO ;N/A;0;NO;N/A;0;DESAJUSTE;NO;;;CERRADO;0:00:00;1;VERDADERO
26028;11/3/2026;MONITOR DE SIGNOS VITALES ;N/A;N/A;N/A;N/A;URGENCIAS ADULTOS;;solicito de toda su colaboración con la acomodación  del monitor de urgencias pasillos el cual se encuentra  mal instalado en el soporte  lo que genera incomodidad, y riesgo ya que  todas la auxiliares intentan acomodarlo;Se revisa equipo y se encuentra desajuste en base soporte, se procede a realizar el ajuste mecánico correspondiente, se entrega en buenas condiciones. ;Victor Lopez;11/3/2026;? PTE POR CONFIRMAR;?? FUNCIONAL;0:00:00;11/3/2026;0:00:00;NO ;N/A;0;NO;N/A;0;NO PRESENTA DAŃO;NO;;;CERRADO;0:00:00;1;VERDADERO
26031;11/3/2026;MESA DE CIRUGÍA;Benq;DR MAX 7000S;2A295-W1-0005;572148;QUIRÓFANO;;buenos dias se coloca soporte para arreglar mesa quirurgica benq botando aceite del quirofano. muchas gracias;Se revisa equipo y se encuentra fuga en circuito hidráulico, aún sin identificar el sitio exacto, equipo se encuentra en taller de mantenimiento biomédico hasta su reparación, ;Victor Lopez;11/3/2026;? TRABAJANDO;?? FUERA DE SERVICIO;0:00:00;11/3/2026;0:00:00;SI;PARCIAL;0;NO;SI ;0;FALLA INTERNA ;NO;;;PENDIENTE;0:00:00;1;VERDADERO
26035;11/3/2026;INCUBADORA;Bng Medical;EcoLa 3000;A0210518248N;572798;CUIDADO INTENSIVO NEONATAL;;favor revisar incubadora activo fijo n. 572798 ya que dice modulo de temperatura mal gracias;Se revisa el equipo y se encuentra dańo en módulo del sensor de temperatura, se procede a realizar el cambio de módulo y se hacen pruebas funcionales, se entrega en buenas condiciones al servicio;Victor Lopez;11/03/2026;? PTE POR CONFIRMAR;?? FUNCIONAL;0:00:00;11/03/2026;0:00:00;NO ;N/A;0;NO;N/A;0;FALLA INTERNA ;NO;;;CERRADO;0:00:00;1;VERDADERO
26036;11/3/2026;INCUBADORA;Atom;AIR INCU I 62060;190800774;574288;CUIDADO INTENSIVO NEONATAL;;favor revisar incubadora activo fijo n. 574288 para revisar alarma del ventilador;Se revisa el equipo y se encuentra dańo en motor del ventilador, se procede a realizar el cambio del motor y se hacen pruebas funcionales, se retorna al servicio en buenas condiciones. ;Victor Lopez;11/03/2026;? PTE POR CONFIRMAR;?? FUNCIONAL;0:00:00;11/03/2026;0:00:00;NO ;N/A;0;NO;N/A;0;FALLA INTERNA ;NO;;;CERRADO;0:00:00;1;VERDADERO
26049;11/3/2026;MONITOR DE SIGNOS VITALES ;Mindray;BENEVIEW T5;CM-42136410;545782;UNIDAD CRÍTICA OBSTÉTRICA;;favor cambiar sensor de temperatura monitor activo fijo 545782;Se realiza revisión del equipo y se encuentra sensor de temperatura en malas condiciones, no permite reparación, se procede a cambiar y se entrega uno nuevo al servicio, se realizan pruebas funcionales, equipo OK. ;Victor Lopez;11/03/2026;? PTE POR CONFIRMAR;?? FUNCIONAL;0:00:00;11/03/2026;0:00:00;NO ;N/A;0;NO;N/A;0;FALLA INTERNA ;SÍ;Se realiza entrega de sensor de temperatura nuevo al servicio;;CERRADO;0:00:00;1;VERDADERO
26057;11/3/2026;MONITOR DE SIGNOS VITALES ;N/A;N/A;N/A;N/A;QUIRÓFANO;;revision o reparacion de oximetro gracias;Se revisa el equipo y se encuentra dańo en sensor de SPO2, no permite reparación, se procede a entregar sensor nuevo al servicio, se realizan pruebas funcionales, equipo OK. ;Cristian Hurtado;12/03/2026;? PTE POR CONFIRMAR;?? FUNCIONAL;0:00:00;12/03/2026;0:00:00;NO ;N/A;0;NO;N/A;0;DESGASTE;NO;;;CERRADO;24:00:00;2;VERDADERO
26058;11/3/2026;VENTILADOR MECÁNICO ;;;;;CUIDADO INTENSIVO ADULTO;;buenas tardes, por medio de la presente solicito la revisión del ventilador mecánico draguer s300 que se encuentra en el cubículo 29, presenta fallo con la monitorización y medición de pplat. al realizar la maniobra de pausa inspiratoria para la medicion de la pplat, el equipo no registra el valor esperado. gracias quedamos atentos ya que es de suma importancia este parametro.;Se trata de retirar el equipo para ser revisado por el proveedor pero este se encuentra conectado a paciente al momento, se le informa al personal asistencial de terapia respiratoria que por favor avisen al momento en el que el equipo esté disponible para su revisión. ;Victor Lopez;11/03/2026;? TRABAJANDO;?? FUNCIONAL;0:00:00;11/03/2026;0:00:00;NO ;N/A;0;NO;N/A;0;FALLA INTERNA ;NO;;;PENDIENTE;0:00:00;1;VERDADERO
26063;11/3/2026;MONITOR DE SIGNOS VITALES ;N/A;N/A;N/A;N/A;CUIDADO INTERMEDIO ADULTO;;por medio de la presente solicito cambio del brazalete del cubiculo 9 de intermedios adultos el cual se encuentra en deficientes condiciones de funcionamiento ;Se revisaequipo y se encuentra fuga en brazalete, no permite reparación, se procede a instalar brazalete nuevo y se hacen pruebas funcionales, equipo -ok. ;Victor Lopez;12/03/2026;? PTE POR CONFIRMAR;?? FUNCIONAL;0:00:00;12/03/2026;0:00:00;NO ;N/A;0;NO;N/A;0;DESGASTE;SÍ;Se emtrega brazalete 1 vía adulto nuevo al servicio ;;CERRADO;24:00:00;2;VERDADERO
26067;11/3/2026;MONITOR DE SIGNOS VITALES ;N/A;N/A;N/A;N/A;QUIRÓFANO;;buenas, por favor revisar pulsioxímetro ya que no esta funcionando, gracias.;Se revisa el equipo y se encuentra dańo en sensor de SPO2, no permite reparación, se procede a entregar sensor nuevo al servicio, se realizan pruebas funcionales, equipo OK. ;Cristian Hurtado;12/03/2026;? PTE POR CONFIRMAR;?? FUNCIONAL;0:00:00;12/03/2026;0:00:00;NO ;N/A;0;NO;N/A;0;DESGASTE;SÍ;Se entrega sensor de SPO2 Nuevo al servicio ;;CERRADO;24:00:00;2;VERDADERO
26073;12/3/2026;MONITOR DE SIGNOS VITALES ;Edan;IM70;360080-M20709360014;572670;URGENCIAS ADULTOS;Ambulancia;se solicita amablemente realizar revision del saturador del monitor de la ambulancia medicalizada ove 421 el cual esta presentando fallas.;Se revisa el equipo y se encuentra dańo en sensor de SPO2, no permite reparación, se procede a entregar sensor nuevo al servicio, se realizan pruebas funcionales, equipo OK. ;Leonardo Marín;12/03/2026;? PTE POR CONFIRMAR;?? FUNCIONAL;0:00:00;12/03/2026;0:00:00;NO ;N/A;0;NO;N/A;0;DESGASTE;SÍ;Se entrega sensor de SPO2 Nuevo al servicio ;;CERRADO;0:00:00;1;VERDADERO
26078;12/3/2026;OTROS EQUIPOS BIOMÉDICOS;N/A;N/A;N/A;N/A;HEMODIÁLISIS;;maquina ak98 de la unidad de hemodialisis numero 5 se encuentra con error al iniciar se le informa al ingeniero;Se revisa llamado y se verifica visita correctiva por parte del proveedor, equipo en buenas condiciones funcionales. ;Victor Lopez;13/3/2026;? PTE POR CONFIRMAR;?? FUNCIONAL;0:00:00;13/3/2026;0:00:00;NO ;N/A;0;NO;N/A;0;FALLA INTERNA ;NO;;;CERRADO;24:00:00;2;VERDADERO
26101;12/3/2026;MONITOR DE SIGNOS VITALES ;Mindray;BENEVIEW T5;CM-3B134857;545483;CUIDADO INTENSIVO ADULTO;Cubículo #37;se solicita revisar pulso/oximetro del cubiculonro 37 activo fijo 545483;Se revisa equipo y se encuentra dańo en sensor de SPO2, no permite reparación, se procede a realizar el cambio y se entrega uno nuevo al servicio. equipo Ok.;Victor Lopez;12/03/2026;? PTE POR CONFIRMAR;?? FUNCIONAL;0:00:00;12/03/2026;0:00:00;NO ;N/A;0;NO;N/A;0;USO INADECUADO;SÍ;Se entrega sensor de SPO2 adulto nuevo al servicio con SN:FD202510280930174;;CERRADO;0:00:00;1;VERDADERO
26102;12/3/2026;MONITOR DE SIGNOS VITALES ;Mindray;BENEVIEW T5;CM-3B134862;545470;CUIDADO INTENSIVO ADULTO;;favor cambiar cable de ekg monitor sinos vitales cama # 21;Se revisa equipo y se encuentra dańo en cable de ecg, no permite reparación, se procede a realizar el cambio del cable y se entrega uno nuevo al servicio, se realizan pruebas funcionales, equipo Ok.;Victor Lopez;12/3/2026;? PTE POR CONFIRMAR;?? FUNCIONAL;0:00:00;12/3/2026;0:00:00;NO ;N/A;0;NO;N/A;0;FALLA INTERNA ;SÍ;Se entrega cable de ECG de 5 derivadas nuevo al servicio.;;CERRADO;0:00:00;1;VERDADERO
26112;13/3/2026;MONITOR DE SIGNOS VITALES ;Edan;IM8;360001/M19910220036;549963;HOSPITALIZACIÓN ADULTOS EXPANSIÓN 3° PISO;;buenos dias  favor revisar el pulsioximetro de hematologia tercer piso que se encuentra fallando. muchas gracias.;Se revisa equipo y se encuentra dańo en sensor de SPO2, no permite reparación, se procede a realizar el cambio del sensor y se hacen pruebas funcionales, se retorna al servicio en buenas condiciones. ;Victor Lopez;13/3/2026;? PTE POR CONFIRMAR;?? FUNCIONAL;0:00:00;13/3/2026;0:00:00;NO ;N/A;0;NO;N/A;0;DESGASTE;NO;;;CERRADO;0:00:00;1;VERDADERO
26114;13/3/2026;MONITOR DE SIGNOS VITALES ;Edan;IM8;360001/M19910220036;549963;HOSPITALIZACIÓN ADULTO 5° PISO;;buenos dia, se solicita el favor de revisión de monitor de la estación 2 del 5to piso, no esta funcionando.;Se revisa equipo y se encuentra dańo en sensor de SPO2, no permite reparación, así como dańo en brazalete adulto 1 vía, se procede a realizar el cambio de ambos elementos y se entregan nuevos al servicio, se realizan pruebas funcionales. Equipo Ok.;Victor Lopez;13/03/2026;? PTE POR CONFIRMAR;?? FUNCIONAL;0:00:00;13/03/2026;0:00:00;NO ;N/A;0;NO;N/A;0;DESGASTE;SÍ;Se realiza entrega de 1 brazalete adulto 1 vía nuevo así como 1 sensor de SPO2 nuevo con número de serie FD202510280920425;;CERRADO;0:00:00;1;VERDADERO
26130;13/3/2026;MONITOR DE SIGNOS VITALES ;Edan;IM8;360001/M19910220009;573991;HOSPITALIZACIÓN ADULTO 5° PISO;;buenas tardes, se solicita el favor de arreglo de agarradera de monitor de signos de la estacion 1 del 5to piso, se despego, esta en la coordinacion de medicina  interna.;Se revisa equipo y se encuentra dańo en agarre del mismo, no afecta en su funcionamiento, pendiente reparación del soporte. ;Victor Lopez;16/3/2026;? PTE POR CONFIRMAR;?? FUNCIONAL;0:00:00;16/3/2026;0:00:00;NO ;N/A;0;NO;N/A;0;DESAJUSTE;NO;;;CERRADO;72:00:00;2;VERDADERO
26131;13/3/2026;ELECTROCARDIÓGRAFO;Edan;SE-3;309025-M12B03200011;545054;HOSPITALIZACIÓN ADULTO 5° PISO;;buenas tardes, se solicita el favor de arreglo del electro del 5to piso, no funciona.;Se revisa equipo y se hacen pruebas funcionales con simulador de paciente, el equipo se encuentra en buenas condciones. Equipo Ok.;Victor Lopez;16/03/2026;? PTE POR CONFIRMAR;?? FUNCIONAL;0:00:00;16/03/2026;0:00:00;NO ;N/A;0;NO;N/A;0;NO PRESENTA DAŃO;NO;;;CERRADO;72:00:00;2;VERDADERO
26137;13/3/2026;OTROS EQUIPOS BIOMÉDICOS;;;;;LABORATORIO CLÍNICO;;cronometro no enciende.;Se revisa el equipo y se encuentra dańo en tarjeta electrónica principal, no permite reparación, se recomienda dar de baja. ;Victor Lopez;16/3/2026;? PTE POR CONFIRMAR;?? FUERA DE SERVICIO;0:00:00;16/3/2026;0:00:00;SI;TOTAL ;0;NO;N/A;0;FALLA INTERNA ;NO;;;CERRADO;72:00:00;2;VERDADERO
26143;14/3/2026;BOMBA DE INFUSIÓN;;;17950900;;HOSPITALIZACIÓN ADULTO 4° PISO;;bomba de infusion  cuando enciende se queda en blanco;Se revisa equipo y se encuentra pantalla en blanco, queda en taller de mantenimiento biomédico a la espera de ser revisado por el proveedor icu medical. ;Victor Lopez;16/3/2026;? TRABAJANDO;?? FUERA DE SERVICIO;0:00:00;16/3/2026;0:00:00;NO ;N/A;0;NO;N/A;0;FALLA INTERNA ;NO;;;PENDIENTE VISITA PROVEEDOR;48:00:00;1;VERDADERO
26144;14/3/2026;MONITOR DE SIGNOS VITALES ;N/A;N/A;N/A;N/A;HOSPITALIZACIÓN ADULTO 4° PISO;;monitor de signos vitales no funciona el oximetro;Se revisa equipo y se encuentra en buenas condiciones funcionales, se verifica estado de los accesorios y configuración, equipo ok. ;Victor Lopez;14/3/2026;? PTE POR CONFIRMAR;?? FUNCIONAL;0:00:00;14/3/2026;0:00:00;NO ;N/A;0;NO;N/A;0;NO PRESENTA DAŃO;NO;;;CERRADO;0:00:00;0;VERDADERO
26148;14/3/2026;MONITOR DE SIGNOS VITALES ;Mindray;BENEVIEW T5;CM-3B134861;545481;CUIDADO INTENSIVO ADULTO;;el termometro del monitor de signos vitales del cubiculo 27 de la uci adultos y del cubiculo  26 de la uci adultos;Se revisa equipo y se encuentra dańo en sensor de temperatura del equipo, no permite reparación, se procede a entregar sensor de temperatura nuevo al servicio y se realizan pruebas funcionales. equipo Ok;Victor Lopez;16/03/2026;? PTE POR CONFIRMAR;?? FUNCIONAL;0:00:00;16/03/2026;0:00:00;NO ;N/A;0;NO;N/A;0;DESGASTE;SÍ;Se entrega sensor de temperatura nuevo al servicio;;CERRADO;48:00:00;1;VERDADERO
26149;15/3/2026;MONITOR DE SIGNOS VITALES ;;;;572688;CUIDADO INTERMEDIO ADULTO;;caucho del brazalete de cubiculo 206 de intermedios adultos se encuentra dańado;Se revisa equipo y se encuentra dańo en brazalete, no permite reparación, se entrega brazalete nuevo al servicio y se hacen pruebas funcionales, equipo ok. ;Victor Lopez;16/03/2026;? PTE POR CONFIRMAR;?? FUNCIONAL;0:00:00;16/03/2026;0:00:00;NO ;N/A;0;NO;N/A;0;DESGASTE;SÍ;Se entrega brazalete 1 vía adulto nuevo al servicio;;CERRADO;24:00:00;1;VERDADERO
26152;15/3/2026;ELECTROCARDIÓGRAFO;Edan;SE-601C;360251-M19A03670005;573993;URGENCIAS ADULTOS;;buenos dias, favor cambiar una chupa del ekg que no tiene el tornillito, muchas gracias;Se revisa el equipo y se encuentra en buenas condiciones funcionales, se verifica el estado de los accesorios y se hacen pruebas funcionales. equipo Ok. ;Victor Lopez;16/3/2026;? PTE POR CONFIRMAR;?? FUNCIONAL;0:00:00;16/3/2026;0:00:00;NO ;N/A;0;NO;N/A;0;NO PRESENTA DAŃO;NO;;;CERRADO;24:00:00;1;VERDADERO
26161;15/3/2026;NEVERA;Supernordico;NO DEFINIDO;14-E0386;546082;HOSPITALIZACIÓN ADULTO 4° PISO;;buena noche, por la cual se solicita revicion de nevera de cuarto de medicacmento estacion 1 medicina interna, de manera prioritaria, por presentar alteraciones en la temperatura lo que genera perdida de cadena de frio y consecuencias desfavorables. muchas gracias.;Se revisa equipo y se encuentra falla por obstrucción de sistema de la unidad por una bolsa plástica, se procede a retirar la bolsa y se hacen pruebas funcionales, equipo en buenas condiciones. ;David Ospina;16/03/2026;? PTE POR CONFIRMAR;?? FUNCIONAL;0:00:00;16/03/2026;0:00:00;NO ;N/A;0;NO;N/A;0;USO INADECUADO;NO;;;CERRADO;24:00:00;1;VERDADERO
26165;16/3/2026;VENTILADOR MECÁNICO ;;;0316;;CUIDADO INTENSIVO NEONATAL;;ventilador drager #2 con mando rotatorio suelto;Se revisa equipo y se encuentra dańo en soporte del mando giratorio, requiere reparación de carcasa, se baja al taller de mantenimiento biomédico para ser reparado, a la espera de reconstrucción de piezas fracturadas. ;Camilo Ramirez;16/3/2026;? TRABAJANDO;?? FUERA DE SERVICIO;0:00:00;16/3/2026;0:00:00;NO ;N/A;0;NO;N/A;0;DESAJUSTE;NO;;;PENDIENTE;0:00:00;1;VERDADERO
26195;16/3/2026;DESFIBRILADOR ;Nihon Kohden;TEC-5631E;01778;574610;CONSULTA EXTERNA;Gastroenterología;cordial saludo solicito su amable colaboración con el desfibrilador de gastroenterología, el cual se encuentra ubicado en el 1 piso de consulta externa área de gastroenterología. ;Se revisa el equipo y se encuentra en buenas condiciones funcionales, se realiza test de funcionamiento completo y se le dan recomendaciones al personal asistencial. equipo ok. ;Leonardo Marín;16/3/2026;? PTE POR CONFIRMAR;?? FUNCIONAL;0:00:00;16/3/2026;0:00:00;NO ;N/A;0;NO;N/A;0;USO INADECUADO;NO;;;CERRADO;0:00:00;1;VERDADERO
26196;16/3/2026;MONITOR DE SIGNOS VITALES ;Edan;IM70;360080-M20912910028;572683;CUIDADO INTERMEDIO ADULTO;;favor colocar oximetro para monitor de transporte con # de activo fijo 572683.;Se revisa el equipo y se encuentra dańo en sensor de SPO2 adulto, no permite reparación, se procede a realizar el cambio y se entrega uno nuevo al servicio, se realizan pruebas funcionales, equipo ok. ;Victor Lopez;16/03/2026;? PTE POR CONFIRMAR;?? FUNCIONAL;0:00:00;16/03/2026;0:00:00;NO ;N/A;0;NO;N/A;0;DESGASTE;SÍ;"Se entrega sensor de SPO2 nuevo al servicio con número de serie; FD202510280920405";;CERRADO;0:00:00;1;VERDADERO
26197;16/3/2026;AUTOCLAVE;Stericlinic;STE500;221119-STE500-400L2P-N0005;SIN IDENTIFICAR;CENTRAL DE ESTERILIZACIÓN;;buenas tardes. la autoclave stericlinic se apagó y o ha vuelto a encender. requiere revision. mil gracias;Se revisa el equipo y este presenta fallas en su funcionamiento debido a que se está disparando la protección del circuito eléctrico debido a una subida de corriente al parecer provocada por el mal funcionamiento de su resistencia principal, se procede a informar al proveedor del equipo para programar su visita y revisión. equipo temporalmente fuera de servicio. ;Victor Lopez;16/3/2026;? TRABAJANDO;?? FUERA DE SERVICIO;0:00:00;16/3/2026;0:00:00;SI;PARCIAL;0;NO;N/A;0;FALLA INTERNA ;NO;;;PENDIENTE VISITA PROVEEDOR;0:00:00;1;VERDADERO
26200;16/3/2026;FLUJÓMETRO;N/A;N/A;N/A;N/A;HOSPITALIZACIÓN QUIRÚRGICAS;;por favor revisar  flujometros de quirurgicas se encuentran en un cajon de la estacion 1 son 4 ver si funcionan o si no darles de baja mil gracias;Se revisan equipos y se encuentran en buenas condiciones funcionales, se realiza chequeo de fugas. Equipos ok.;Victor Lopez;17/3/2026;? PTE POR CONFIRMAR;?? FUNCIONAL;0:00:00;17/3/2026;0:00:00;NO ;N/A;0;NO;N/A;0;FALLA INTERNA ;NO;;;CERRADO;24:00:00;2;VERDADERO
26201;16/3/2026;ELECTROCARDIÓGRAFO;Comen;H3;H3230209044;572072;UNIDAD CRÍTICA OBSTÉTRICA;;buen dia, problemas con electrocardiograma de la uci obstetrica, al momento de utilizarlo lo imprime el trazado del paciente.;Se revisa el equipo y se encuentra en buenas condiciones funcionales, se verifica el estado de los accesorios, configuración e impresora y se entrega en buenas condiciones funcionales al servicio. ;Victor Lopez;16/3/2026;? PTE POR CONFIRMAR;?? FUNCIONAL;0:00:00;16/3/2026;0:00:00;NO ;N/A;0;NO;N/A;0;NO PRESENTA DAŃO;NO;;;CERRADO;0:00:00;1;VERDADERO
26202;16/3/2026;GLUCÓMETRO;;;;;URGENCIAS ADULTOS;;buenas tardes, por favor revisar glucometro de consultorio de urgencias adultos ya que no prende, por favor urgente, muchas gracias.;buenas tardes, por favor revisar glucometro de consultorio de urgencias adultos ya que no prende, por favor urgente, muchas gracias.;;;? PTE POR CONFIRMAR;;###############################################################################################################################################################################################################################################################;;11:53:12;;;0;;;0;;;;;;###############################################################################################################################################################################################################################################################;-32926;VERDADERO
26204;16/3/2026;MONITOR DE SIGNOS VITALES ;N/A;N/A;N/A;N/A;QUIRÓFANO;;solicito de su colaboracion para la revision del oximetro que no toma bien la saturacion de oxigeno la toma erradamemnte. ;Se revisa el sensor y se encuentra en mal estado, no permite reparación, se procede a realizar el cambio y se entrega uno nuevo al servicio, se realizan pruebas funcionales, equipo Ok. ;Leonardo Marín;17/03/2026;? PTE POR CONFIRMAR;?? FUNCIONAL;0:00:00;17/03/2026;0:00:00;NO ;N/A;0;NO;N/A;0;DESGASTE;SÍ;Se realiza entrega de sensor de SPO2 adulto nuevo al servicio con número de serie: FD202510280920403;;CERRADO;24:00:00;2;VERDADERO
26207;17/3/2026;MONITOR DE SIGNOS VITALES ;Mindray;BENEVIEW T5;CM-42136402;545783;CUIDADO INTERMEDIO ADULTO;;latiguillos del cubiculo 205 de intermedios adultos arrojan frecuencia  cardiaca alterada, sin coherencia con pulso oximetro ni condicion clinica del paciente;Se verifica estado del equipo y se encuentra en buenas condiciones funcionales, se revisa configuración y estado de los accesorios, se hacen recomendaciones al personal asistencial. ;Victor Lopez;18/3/2026;? PTE POR CONFIRMAR;?? FUNCIONAL;0:00:00;18/3/2026;0:00:00;NO ;N/A;0;NO;N/A;0;NO PRESENTA DAŃO;NO;;;CERRADO;24:00:00;2;VERDADERO
26232;17/3/2026;MONITOR DE SIGNOS VITALES ;N/A;N/A;N/A;N/A;HOSPITALIZACIÓN ADULTOS EXPANSIÓN 2° PISO;;buenos dias se solicita favor cambiar el brazalete del monitor de signos vitales del segundo piso torre nueva que se encuentra fallando. muchas gracias.;Se revisa el equipo y se encuentra dańo en brazalete, no permite reparación, se procede a realizar el cambio del brazalete y se entrega uno nuevo al servicio, se realizan pruebas funcionales. Equipo Ok. ;Cristian Hurtado;17/03/2026;? PTE POR CONFIRMAR;?? FUNCIONAL;0:00:00;17/03/2026;0:00:00;NO ;N/A;0;NO;N/A;0;DESGASTE;SÍ;Se entrega brazalete 1 vía adulto nuevo al servicio;;CERRADO;0:00:00;1;VERDADERO
26253;18/3/2026;CAMA ELÉCTRICA;Los Pinos;1060 BC;502382;545498;CUIDADO INTERMEDIO ADULTO;;panel electrico de la cama cubiculo 13 no funciona.;Se revisa el equipo y se encuentra en buenas condiciones funcionales, se verifica estado del panel lateral y motores, ajuste mecánico y pruebas funcionales. Equipo Ok. ;Victor Lopez;18/3/2026;? PTE POR CONFIRMAR;?? FUNCIONAL;0:00:00;18/3/2026;0:00:00;NO ;N/A;0;NO;N/A;0;NO PRESENTA DAŃO;NO;;;CERRADO;0:00:00;1;VERDADERO
26255;18/3/2026;INCUBADORA;Bng Medical;EcoLa 3000;A0201518246N;572792;CUIDADO INTENSIVO NEONATAL;;se pone soporte para pared de incubadora con activo fijo numero 572792 que se encuentra fracturada....;Se revisa equipo y se encuentra fractura en soportes de pared interna, se proceden a reparar y se realizan pruebas funcionales. equipo ok. ;Victor Lopez;18/3/2026;? PTE POR CONFIRMAR;?? FUNCIONAL;0:00:00;18/3/2026;0:00:00;NO ;N/A;0;NO;N/A;0;DESGASTE;NO;;;CERRADO;0:00:00;1;VERDADERO
26264;18/3/2026;MONITOR DE SIGNOS VITALES ;Edan;M80;332278-M14102020026-02;545622;HOSPITALIZACIÓN PEDIATRÍA;;buenos dias. solictamos el arreglo del monitor de signos del servico de salas de pediatria, ya que al conectar el saturador no monitoriza. quedamos atentos a su pronta respuesta. gracias.;Se revisa equipo y se encuentra dańo en sensor pediátrico tipo Y, se inicia proceso de adquisición, a la espera de entrega. ;Victor Lopez;18/3/2026;? TRABAJANDO;?? FUNCIONAL;0:00:00;18/3/2026;0:00:00;NO ;N/A;0;NO;N;0;FALTA DE CONSUMIBLE;NO;;;PENDIENTE;0:00:00;1;VERDADERO
26269;18/3/2026;OTROS EQUIPOS BIOMÉDICOS;N/A;N/A;N/A;N/A;CUIDADO INTENSIVO PEDIÁTRICO;;"se solicita brazaletes de las siguientes referencias
6 und pequeńo (s): 18 - 22 cm. 
6 und mediano (m/estándar): 22 - 32 cm.
3 und grande (l): 32 - 42 cm.
1 und extragrande (xl): 42 - 52 cm";Se realiza entrega brazalete de diferentes tamańos al servicio en buenas condiciones y nuevos. ;Victor Lopez;25/03/2026;? PTE POR CONFIRMAR;?? FUNCIONAL;0:00:00;25/03/2026;0:00:00;NO ;N/A;0;NO;N;0;FALTA DE CONSUMIBLE;SÍ;Se entregan brazaletes pediátricos diferentes tamańos al servicio nuevos;;CERRADO;168:00:00;6;FALSO
26275;18/3/2026;MONITOR DE SIGNOS VITALES ;N/A;N/A;N/A;N/A;HOSPITALIZACIÓN GINECO-OBSTETRICIA;Sala de Partos;buenas tardes, s e monta soporte para tensiometro de sala de partos;Se revisa equipos y se encuentran en buenas condiciones de funcionamiento, se verifican brazaletes y se verifican fugas. ;Victor Lopez;20/03/2026;? PTE POR CONFIRMAR;?? FUNCIONAL;0:00:00;20/03/2026;0:00:00;NO ;N/A;0;NO;N/A;0;NO PRESENTA DAŃO;NO;;;CERRADO;48:00:00;3;VERDADERO
26291;19/3/2026;OTROS EQUIPOS BIOMÉDICOS;N/A;N/A;N/A;N/A;QUIRÓFANO;;por favor revisar bipolar ya que esta dańado, gracias.;Se revisa equipo y se encuentra dańo en pedal, se procede a retirar el pedal del servicio y se inicia proceso de adquisición, a la espera de repuesto ;Victor Lopez;19/3/2026;? TRABAJANDO;?? EN ESPERA DE REPUESTO;0:00:00;19/3/2026;0:00:00;NO ;N/A;0;NO;N/A;0;FALTA DE CONSUMIBLE;NO;;;CERRADO;0:00:00;1;VERDADERO
26293;19/3/2026;MONITOR DE SIGNOS VITALES ;N/A;N/A;N/A;N/A;UNIDAD CRÍTICA OBSTÉTRICA;;favor revisar termometro cubiculo 7 uci obstetrica,  gracias;Se revisa equipo y se encuentra dańo en sensor de temperatura, se procede a realizar el cambio y se entrega al servicio en buenas condiciones funcionales. ;Victor Lopez;19/3/2026;? PTE POR CONFIRMAR;?? FUNCIONAL;0:00:00;19/3/2026;0:00:00;NO ;N/A;0;NO;N/A;0;DESGASTE;NO;;;CERRADO;0:00:00;1;VERDADERO
26299;19/3/2026;INCUBADORA;Draeger;ISOLETTE C-2000;CB27794;545143;CUIDADO INTENSIVO NEONATAL;;incubadora no calienta;Se revisa el equipo y se encuentra falla en módulo interno, equipo a la espera de revisión por parte del proveedor con manual de servicio;Victor Lopez;19/3/2026;? TRABAJANDO;?? FUERA DE SERVICIO;0:00:00;19/3/2026;0:00:00;SI;PARCIAL;0;NO;N/A;0;FALLA INTERNA ;NO;;;CERRADO;0:00:00;1;VERDADERO
26301;19/3/2026;GLUCÓMETRO;N/A;N/A;N/A;N/A;HOSPITALIZACIÓN GINECO-OBSTETRICIA;;se solicita revisar glucometro de ginecologia, malfuncionamiento;Se revisa equipo y presenta error interno, se le informa al personal para que soliciten nuevo equipo al área de inventario. ;Victor Lopez;19/3/2026;? PTE POR CONFIRMAR;?? FUNCIONAL;0:00:00;19/3/2026;0:00:00;NO ;N/A;0;NO;N/A;0;FALLA INTERNA ;NO;;;CERRADO;0:00:00;1;VERDADERO
26303;19/3/2026;MONITOR FETAL;Edan;F3;560034-M17910080002;550040;HOSPITALIZACIÓN GINECO-OBSTETRICIA;Sala de Partos;se solicita revisar monitor fetal en sala de partos ya que no imprime, numero de activo fijo 550040;Se revisa equipo y se encuentra dańo en tarjeta de control del selector, se inicia proceso de adquisición del repuesto, equipo en taller de mantenimiento ;Victor Lopez;19/3/2026;? TRABAJANDO;?? FUERA DE SERVICIO;0:00:00;19/3/2026;0:00:00;SI;PARCIAL;0;NO;N/A;0;FALLA INTERNA ;NO;;;PENDIENTE;0:00:00;1;VERDADERO
26309;19/3/2026;FLUJÓMETRO;Gentec;FM-197B-15L-CH;18100169090;574384;HOSPITALIZACIÓN QUIRÚRGICAS;;por favor revisar flujometros de quirurgicas se encuentran en un cajon de la estacion 2  ver si funcionan o si no darles de baja mil gracias tiene fuga;Se revisa el equipo y se encuentra fuga en válvula reguladora, se procede a realizar el ajuste mecánico correspondiente y se hacen pruebas funcionales, se retorna al servicio en buenas condiciones.;Victor Lopez;20/3/2026;? PTE POR CONFIRMAR;?? FUNCIONAL;0:00:00;20/3/2026;0:00:00;NO ;N/A;0;NO;N/A;0;NO PRESENTA DAŃO;NO;;;CERRADO;24:00:00;2;VERDADERO
26322;19/3/2026;INFUSOR;N/A;N/A;N/A;N/A;CUIDADO INTENSIVO ADULTO;;infusor de la unidad de cuidados intesivos no sostiene el aire, por tal razzon se coloca el ticket, infusor en la estacion 1 de la uci;Se revisa equipo y se encuentra fuga en cámara neumática del equipo, no permite reparación, se entregan infusores nuevos al servicio. ;Victor Lopez;19/3/2026;? PTE POR CONFIRMAR;?? FUNCIONAL;0:00:00;19/3/2026;0:00:00;NO ;N/A;0;NO;N/A;0;DESGASTE;NO;;;CERRADO;0:00:00;1;VERDADERO
26329;19/3/2026;MONITOR DE SIGNOS VITALES ;Edan;M50;333123-M14102120051;545695;HOSPITALIZACIÓN GINECO-OBSTETRICIA;;hola buena noche se monta soporte para pulsoximetro de monitor de signos estacion 3 de gineco se ha montado en multiples ocasiones le realizan un remiendo y vuelve y se dańa , el pulsoximetro no esta en condiciones adecuadas para su uso diario dado a la gran demanda que tenemos en ginecologia , un movimiento brusco del paciente o incluso una caida desde su puesto puede dańarlo , esta flojo , muchas gracias para revisarlo;Se revisa equipo y se encuentra dańo en sensor de SPO2 adulto, no permite reparación, se procede a cambiar el sersor y se realizan pruebas funcionales, se entrega el equipo en buenas condiciones. ;Victor Lopez;20/03/2026;? PTE POR CONFIRMAR;?? FUNCIONAL;0:00:00;20/03/2026;0:00:00;NO ;N/A;0;NO;N/A;0;DESGASTE;SÍ;Se entrega sensor de SPO2 adulto nuevo al servicio con número de serie FD202510280920483;;CERRADO;24:00:00;2;VERDADERO
26330;20/3/2026;INCUBADORA;Bng Medical;EcoLa 3000;A0210518245N;572794;CUIDADO INTERMEDIO NEONATAL;;Se revisa equipo y se encuentra dańo en cable de báscula, se procede a realizar el cambio de la báscula completa y se realizan pruebas funcionales, se entrega al servicio en buenas condiciones. ;se revisa equipo y se encuentra dańo en cable de báscula, se procede a realizar el cambio de la báscula completa y se realizan pruebas funcionales, se entrega al servicio en buenas condiciones. ;Victor Lopez;20/3/2026;? PTE POR CONFIRMAR;?? FUNCIONAL;0:00:00;20/3/2026;0:00:00;NO ;N/A;0;NO;N/A;0;DESGASTE;NO;;;CERRADO;0:00:00;1;VERDADERO
26339;20/3/2026;CENTRÍFUGA;Clay Adams;DINAC III;4930006;544860;LABORATORIO CLÍNICO;;se requiere del traslado de la centrífuga refrigerada desde su posición actual al área de microbiología, posterior a la adecuación del mesón dende se va a ubicar;Se revisa equipo y se encuentra dańo en una de las escobillas del motor, se procede a realizar el cambio de las mismas y se hacen pruebas funcionales, se entrega al servicio en buenas condiciones de funcionamiento. ;Cristian Hurtado;25/03/2026;? PTE POR CONFIRMAR;?? FUNCIONAL;0:00:00;25/03/2026;0:00:00;NO ;N/A;0;NO;N/A;0;DESGASTE;NO;;;CERRADO;120:00:00;4;FALSO
26361;20/3/2026;MONITOR DE SIGNOS VITALES ;N/A;N/A;N/A;N/A;URGENCIAS PEDIATRÍA;;buen dia , por favir revisar monitores de transporte , debido a que no sensan presion arterial , activos fijos # 573990-518909 , muchas gracias;Se revisan equipos, se realiza chequeo de fugas, se verifican mangueras y brazaletes, se verifican modos de funcionamiento y se encuentran en buenas condiciones funcionales. ;Victor Lopez;20/03/2026;? PTE POR CONFIRMAR;?? FUNCIONAL;0:00:00;20/03/2026;0:00:00;NO ;N/A;0;NO;N/A;0;DESAJUSTE;NO;;;CERRADO;0:00:00;1;VERDADERO
26372;20/3/2026;VACUTRON;Gentec;NO DEFINIDO;13D0029;545553;CUIDADO INTENSIVO ADULTO;;buenas   ,  tardes  para  reportar     un vacutron  dańado ,  uciadult0s. no  siendo  mas  gracias  por  su  atencion.;Se verifica el equipo y se realizan pruebas de presión, se realiza ajuste mecánico y se hacen pruebas funcionales, se entrega en buenas condiciones. ;Victor Lopez;20/03/2026;? PTE POR CONFIRMAR;?? FUNCIONAL;0:00:00;20/03/2026;0:00:00;NO ;N/A;0;NO;N/A;0;DESAJUSTE;NO;;;CERRADO;0:00:00;1;VERDADERO
26373;20/3/2026;OTROS EQUIPOS BIOMÉDICOS;Draeger;AGILA;ASEK-0416;545443;CUIDADO INTENSIVO ADULTO;;buenas  tardes,  para  reportar    la  torre  del cubiculo   38,   donde  se  conectan  los vacutrones,    para  revisar.  uciadult0s,   no  siendo mas  gracias  por  su  atencion  prestada.;Se revisa equipo y se hacen pruebas funcionales y de fugas en las tomas de vacío, se verifica con varios equipos y se hacen pruebas funcionales, el módulo funciona correctamente. ;Victor Lopez;20/03/2026;? PTE POR CONFIRMAR;?? FUNCIONAL;0:00:00;20/03/2026;0:00:00;NO ;N/A;0;NO;N/A;0;DESAJUSTE;NO;;;CERRADO;0:00:00;1;VERDADERO
26383;21/3/2026;MONITOR DE SIGNOS VITALES ;Mindray;BENEVIEW T5;CM-3B134866;545473;CUIDADO INTENSIVO ADULTO;Cubículo 24;se solicita mantenimiento de signos vitales del cubiculo 24 de uci adultos;Se revisa equipo y se encuentra sensor de SPO2 en malas condiciones, no permite reparación, se procede a realizar el cambio del sensor y se realizan pruebas funcionales, se entrega en buenas condiciones. ;Victor Lopez;24/03/2026;? PTE POR CONFIRMAR;?? FUNCIONAL;0:00:00;24/03/2026;0:00:00;NO ;N/A;0;NO;N/A;0;DESGASTE;SÍ;Se realiza entrega de sensor de SPO2 nuevo al servicio con número de serie FD202510280930179;;CERRADO;72:00:00;2;VERDADERO
26384;21/3/2026;MONITOR DE SIGNOS VITALES ;Mindray;BENEVIEW T5;CM-3B134865;545471;CUIDADO INTENSIVO ADULTO;;se solicita mantenimiento del termometro del monitor de signos vitales del cubiculo 22.;Se revisa equipo y se encuentra dańo en sensor de temperatura, se procede a realizar el cambio y se realizan pruebas funcionales, equipo Ok. ;Victor Lopez;24/3/2026;? PTE POR CONFIRMAR;?? FUNCIONAL;0:00:00;24/3/2026;0:00:00;NO ;N/A;0;NO;N/A;0;DESGASTE;SÍ;Se entrega sensor de temperatura nuevo al servicio;;CERRADO;72:00:00;2;VERDADERO
26386;21/3/2026;MONITOR DE SIGNOS VITALES ;Mindray;BENEVIEW T5;CM-42136402;545783;CUIDADO INTERMEDIO ADULTO;;buen dia comedidamente les pido el favor y nos colaboren con el monitor de signos vitales del cubiculo # 5 de intermedios adulto el cual no censan los latiguillos en el monitor muchas gracias;Se revisa el equipo y se realizan pruebas funcionales, se verifica el estado de los accesorios y configuraciones y se encuentra en buenas condiciones. ;Victor Lopez;24/03/2026;? PTE POR CONFIRMAR;?? FUNCIONAL;0:00:00;24/03/2026;0:00:00;NO ;N/A;0;NO;N/A;0;NO PRESENTA DAŃO;NO;;;CERRADO;72:00:00;2;VERDADERO
26387;21/3/2026;MONITOR DE SIGNOS VITALES ;Mindray;BENEVIEW T5;CM-3B134866;545473;CUIDADO INTENSIVO ADULTO;;brezalete malo en la cama. 224;Se revisa equipo y se encuentra en buenas condiciones funcionales, se verifica estado de los accesorios y configuraciones. Equipo Ok. ;Victor Lopez;24/03/2026;? PTE POR CONFIRMAR;?? FUNCIONAL;0:00:00;24/03/2026;0:00:00;NO ;N/A;0;NO;N/A;0;NO PRESENTA DAŃO;NO;;;CERRADO;72:00:00;2;VERDADERO
26401;23/3/2026;VENTILADOR MECÁNICO ;Hamilton;HAMILTON C-1;25150;573190;UNIDAD CRÍTICA OBSTÉTRICA;;ventilador mecanico activo fijo 573190, escape de aire en la manguera de oxigeno;Se revisa el equipo y se encuentra fuga por la manguera de oxígeno, se procede a realizar el ajuste mecánico de la manguera y se hacen pruebas funcionales, equipo ok. ;Victor Lopez;23/3/2026;? PTE POR CONFIRMAR;?? FUNCIONAL;0:00:00;23/3/2026;0:00:00;NO ;N/A;0;NO;N/A;0;DESAJUSTE;NO;;;CERRADO;0:00:00;1;VERDADERO
26402;23/3/2026;VENTILADOR MECÁNICO ;N/A;N/A;N/A;N/A;UNIDAD CRÍTICA OBSTÉTRICA;;fallo en celda de fi02, o fallo en sensor de fi02, al aumentar fi02 por encima de 22% se activa alarma de fi02 baja y marca en celda de fi02 1% ventilador mecanico  cubiculo 5 uci obsetrica;Se revisa equipo, se realizan pruebas de funcionamiento, se verifican valores y el equipo se encuentra en buenas condiciones, se dan recomendaciones a personal asistencial. ;Victor Lopez;23/3/2026;? PTE POR CONFIRMAR;?? FUNCIONAL;0:00:00;23/3/2026;0:00:00;NO ;N/A;0;NO;N/A;0;NO PRESENTA DAŃO;NO;;;CERRADO;0:00:00;1;VERDADERO
26403;23/3/2026;GLUCÓMETRO;N/A;N/A;N/A;N/A;CUIDADO INTERMEDIO PEDIÁTRICO;;buen dia, se solicita amablemente la revisoin del  glucometro el cual se esta apagando al momento de tomar las glucometrias, esta ubicado en intermedios pediatria, gracias por la atencion y pronta colaboracion.;Se revisa el equipo y se encuentra dańo interno, se le informa al personal asistencial para que soliciten un equipo nuevo a inventarios. ;Victor Lopez;23/3/2026;? PTE POR CONFIRMAR;?? FUNCIONAL;0:00:00;23/3/2026;0:00:00;NO ;N/A;0;NO;N/A;0;FALLA INTERNA ;NO;;;CERRADO;0:00:00;1;VERDADERO
26407;23/3/2026;VENTILADOR MECÁNICO ;N/A;N/A;N/A;N/A;CUIDADO INTENSIVO ADULTO;;se solicita revision de ventilador hamilton de transporte, que se recibe con aumento en ruptura en esquina superior izquierda.;Se revisa equipo y se encuentra fractura en carcasa frontal que no afecta su funcionamiento, se verifica estado funcional y parámetros, equipo Ok. ;Victor Lopez;24/3/2026;? PTE POR CONFIRMAR;?? FUNCIONAL;0:00:00;24/3/2026;0:00:00;NO ;N/A;0;NO;N/A;0;NO PRESENTA DAŃO;NO;;;CERRADO;24:00:00;2;VERDADERO
26408;23/3/2026;CAMA ELÉCTRICA;Los Pinos;1060 BC;502384;545487;CUIDADO INTENSIVO ADULTO;;cama del cubiculo numero 23 esta fallano no deja cambiar de posicion no funciona con control ni con palanca ;Se revisa cama y se encuentra dańo en motor de cabecera, se procede a realizar el cambio del motor y se hacen pruebas funcionales, se entrega al servicio en buenas condiciones. ;Victor Lopez;24/3/2026;? PTE POR CONFIRMAR;?? FUNCIONAL;0:00:00;24/3/2026;0:00:00;NO ;N/A;0;NO;N/A;0;DESAJUSTE;NO;;;CERRADO;24:00:00;2;VERDADERO
26409;24/3/2026;MONITOR DE SIGNOS VITALES ;Draeger;VISTA 120 S;S2SNF4422;573316;CUIDADO INTENSIVO NEONATAL;;buen dia se soliicta revizar cables de ekg del monitor cubiculo 5 ubicado en uci neonatos ya que no marca el trazado, gracias pro su pronta colaboracion;Se revisa el equipo y se encuentra en buenas condiciones funcionales, se verifica el estado de los latiguillos y del cable de ECG, se verifica configuración.. Equipo Ok. ;Victor Lopez;24/3/2026;? PTE POR CONFIRMAR;?? FUNCIONAL;0:00:00;24/3/2026;0:00:00;NO ;N/A;0;NO;N/A;0;NO PRESENTA DAŃO;NO;;;CERRADO;0:00:00;1;VERDADERO
26410;24/3/2026;MONITOR DE SIGNOS VITALES ;Draeger;VISTA 120 S;S2SNF4442;573319;CUIDADO INTENSIVO NEONATAL;;buen dia se solicita cambiar el cable del tensiometro del cubiculo 10 uci neonatos, ya que este se ha venido recortando por que se cristaliza y no marca la tesnion aretrial, rgacias pro su colaboracion;Se revisa el equipo y se encuentra manguera en buenas condiciones funcionales, se realiza el chequeo de fugas y se verifican los conectores, el equipo funciona normal. ;Victor Lopez;24/03/2026;? PTE POR CONFIRMAR;?? FUNCIONAL;0:00:00;24/03/2026;0:00:00;NO ;N/A;0;NO;N/A;0;NO PRESENTA DAŃO;NO;;;CERRADO;0:00:00;1;VERDADERO
26413;24/3/2026;MONITOR DE SIGNOS VITALES ;N/A;N/A;N/A;N/A;CUIDADO INTENSIVO PEDIÁTRICO;;buen dia por favor solicito brazaletes de tensiometro para la uci pediatrica, no contamos con brazaletes para pacientes grandes.;Se realiza entrega de 05 brazaletes pediátricos de 1 vía nuevos a la jefe Juliana Lopez del servicio de pediatría;Victor Lopez;24/03/2026;? PTE POR CONFIRMAR;?? FUNCIONAL;0:00:00;24/03/2026;0:00:00;NO ;N/A;0;NO;N/A;0;DESGASTE;SÍ;Se entregan 05 brazaletes pediátricos nuevos al servicio de 1 vía y diferentes tamańos;;CERRADO;0:00:00;1;VERDADERO
26440;24/3/2026;MONITOR DE SIGNOS VITALES ;Draeger;VISTA 120 S;S2SNF4442;573319;CUIDADO INTENSIVO NEONATAL;;porfavor realizar cambio de sensor de temperatura de monitor de la cama 10de la uci neonatal ;Se revisa equipo y se encuentra dańo en sensor de temperatura, se procede a realizar el cambio y se realizan pruebas funcionales, equipo Ok. ;Victor Lopez;24/03/2026;? PTE POR CONFIRMAR;?? FUNCIONAL;0:00:00;24/03/2026;0:00:00;NO ;N/A;0;NO;N/A;0;DESGASTE;SÍ;Se emtrega sensor de temperatura nuevo al servicio;;CERRADO;0:00:00;1;VERDADERO
26448;24/3/2026;MONITOR DE SIGNOS VITALES ;Mindray;BENEVIEW T5;CM-3B134868;545465;CUIDADO INTENSIVO ADULTO;;favor cambiar brazalete monitor cubiculo 32 y revisar pulsoximetro.;Se revisa el equipo y se encuentra dańo en brazalete, se procede a realizar el cambio y se hacen pruebas funcionales. Equipo en buenas condiciones. ;Cristian Hurtado;01/04/2026;? PTE POR CONFIRMAR;?? FUNCIONAL;0:00:00;01/04/2026;0:00:00;NO ;N/A;0;NO;N/A;0;DESGASTE;NO;;;CERRADO;192:00:00;7;FALSO
26451;24/3/2026;CENTRÍFUGA;Clay Adams;DINAC III;4930006;544860;BANCO DE SANGRE;;hola, buen dia, se solicita amablemente la revision de las 2 centrifugas del banco ya que estas no estan funcionando correctamente, una no arranca y la otra tiene problemas con los numeros en el tablero ;Se revisa equipo y se encuentra dańo en una de las escobillas del motor, se procede a realizar el cambio de las mismas y se hacen pruebas funcionales, se entrega al servicio en buenas condiciones de funcionamiento. ;Cristian Hurtado;25/03/2026;? PTE POR CONFIRMAR;?? FUNCIONAL;0:00:00;25/03/2026;0:00:00;NO ;N/A;0;NO;N/A;0;DESGASTE;NO;;;CERRADO;24:00:00;2;VERDADERO
26454;24/3/2026;MONITOR DE SIGNOS VITALES ;Edan;IM70;360080-M17C02250007;550042;HOSPITALIZACIÓN GINECO-OBSTETRICIA;Sala de Partos;no toma presion dinamac activo  550042;Se revisa monitor y se encuentra brazalete en mal estado, no permite reparación, se procede a realizar el cambio del mismo y se entrega uno nuevo al servicio, se realizan pruebas funcionales. Equipo OK. ;Victor Lopez;24/3/2026;? PTE POR CONFIRMAR;?? FUNCIONAL;0:00:00;24/3/2026;0:00:00;NO ;N/A;0;NO;N/A;0;DESGASTE;SÍ;Se entrega brazalete 1 vía adulto nuevo al servicio. ;;CERRADO;0:00:00;1;VERDADERO
26459;24/3/2026;OTROS EQUIPOS BIOMÉDICOS;N/A;N/A;N/A;N/A;QUIRÓFANO;;flujometro que no genera registro en el monitor y no enciende;Se revisa equipo, conexiones y accesorios, se verifica estado de funcionamiento, equipo ok. ;Victor Lopez;24/3/2026;? PTE POR CONFIRMAR;?? FUNCIONAL;0:00:00;24/3/2026;0:00:00;NO ;N/A;0;NO;N/A;0;NO PRESENTA DAŃO;NO;;;CERRADO;0:00:00;1;VERDADERO
26460;24/3/2026;BOMBA DE INFUSIÓN;;;;;URGENCIAS ADULTOS;;buenas noches para solicitar revision de bomba de infusion ubicada en cuarto de equipos medicos, no inicia, anuncia letrero cerrar puerta, se cierra y no inicia.;Se revisa equipo y se encuentra dańo interno, se retira del servicio y se deja en taller de mantenimiento a la espera de ser revisada por proveedor. ;Victor Lopez;24/3/2026;? TRABAJANDO;?? FUERA DE SERVICIO;0:00:00;24/3/2026;0:00:00;SI;PARCIAL;0;NO;N/A;0;FALLA INTERNA ;NO;;;PENDIENTE VISITA PROVEEDOR;0:00:00;1;VERDADERO
26464;24/3/2026;OTROS EQUIPOS BIOMÉDICOS;N/A;N/A;N/A;N/A;CUIDADO INTERMEDIO PEDIÁTRICO;;buenas noches, de nuevo se deja soporte de la necesidad de brazaletes grandes y pequeńos para el servicio de intermedios pediatria ya que no tenemos.  muchas gracias;Se realiza entrega de 04 brazaletes pediátricos de 1 vía nuevos a la jefe del servicio de cuidados intermedios de pediatría.;Victor Lopez;25/03/2026;? PTE POR CONFIRMAR;?? FUNCIONAL;0:00:00;25/03/2026;0:00:00;NO ;N/A;0;NO;N/A;0;DESGASTE;SÍ;Se entregan 04 brazaletes pediátricos nuevos al servicio de 1 vía y diferentes tamańos;;CERRADO;24:00:00;2;VERDADERO
26465;24/3/2026;MONITOR DE SIGNOS VITALES ;Philips;EFFICIA CM120;CN92395092;572824;CUIDADO INTERMEDIO PEDIÁTRICO;;se solicita la revision del cable de electro del monitor de transporte de pacientes ya que se encuntra en cable averiado. gracias;Se revisa equipo y se encuentra cable de ecg en buenas condiciones, se verifica configuración y se le hace recomendaciones al personal asistencial, equipo ok.;Victor Lopez;24/3/2026;? PTE POR CONFIRMAR;?? FUNCIONAL;0:00:00;24/3/2026;0:00:00;NO ;N/A;0;NO;N/A;0;INADECUADA CONFIGURACIÓN;NO;;;CERRADO;0:00:00;1;VERDADERO
26484;25/3/2026;MONITOR DE SIGNOS VITALES ;Edan;M50;333123-M14102120037;545688;URGENCIAS ADULTOS;;buenos  se solicita   revision  urgente del  monitor  de triage, no  esta   funcionando  brazalete;Se revisa equipo y se encuentra velcro de los brazaletes deteriorado y despegado, se procede a realizar el refuerzo de las costuras de los brazaletes y se retornan al servicio en buenas condiciones, se realizan pruebas funcionales. Equipo OK.;Victor Lopez;25/3/2026;? PTE POR CONFIRMAR;?? FUNCIONAL;0:00:00;25/3/2026;0:00:00;NO ;N/A;0;NO;N/A;0;DESGASTE;NO;;;CERRADO;0:00:00;1;VERDADERO
26493;25/3/2026;CAMA ELÉCTRICA;N/A;N/A;N/A;N/A;HOSPITALIZACIÓN ADULTO 5° PISO;;buenos dias, se solicita el favor de revision de cama electrica, esta en el puente del 5to piso el control no funciona.;Se revisa cama y se encuentra dańo en control de mando, se le informa al personal que el repuesto ya se encuentra en proceso de compra, por tal motivo se cierra el soporte. ;Victor Lopez;25/3/2026;? PTE POR CONFIRMAR;?? FUNCIONAL;0:00:00;25/3/2026;0:00:00;NO ;N/A;0;NO;N/A;0;FALTA DE CONSUMIBLE;NO;;;CERRADO;0:00:00;1;VERDADERO
26495;25/3/2026;MONITOR DE SIGNOS VITALES ;Edan;M50;333123-M13707020064-01;545367;HOSPITALIZACIÓN ADULTO 5° PISO;;buenos dias, se saolicita el favor de revision de oximetro del monitor de la estacion 2 del 5to piso.;Se revisa equipo y se encuentra dańo en sensor de saturación, se procede a realizar la reparación y se entrega en buenas condiciones funcionales. equipo ok. ;Cristian Hurtado;26/3/2026;? PTE POR CONFIRMAR;?? FUNCIONAL;0:00:00;26/3/2026;0:00:00;NO ;N/A;0;NO;N/A;0;DESAJUSTE;NO;;;CERRADO;24:00:00;2;VERDADERO
26496;25/3/2026;MONITOR DE SIGNOS VITALES ;Edan;M50;333123-M13707020054-01;545371;HOSPITALIZACIÓN ADULTO 5° PISO;;buenos dias, se saolicita el favor de revision de oximetro del monitor de la estacion 3 no funcionan del 5to piso.;Se revisa equipo y se encuentra sensor de SPO2 en mal estado, no permite reparación, se procede a realizar el cambio del sensor y se eentrega uno nuevo al servicio, se realizan pruebas funcionales, equipo ok. ;Victor Lopez;26/03/2026;? PTE POR CONFIRMAR;?? FUNCIONAL;0:00:00;26/03/2026;0:00:00;NO ;N/A;0;NO;N/A;0;DESGASTE;SÍ;Se entrega sensor de SPO2 adulto nuevo al servicio con número de serie FD202510280920445;;CERRADO;24:00:00;2;VERDADERO
26499;25/3/2026;TERMOHIGRÓMETRO;N/A;N/A;N/A;N/A;CUIDADO INTENSIVO ADULTO;;termometro malo;Se revisa equipo y se encuentra en buenas condiciones funcionales, se verifica estado de la batería y el display, equipo ok. ;Victor Lopez;25/3/2026;? PTE POR CONFIRMAR;?? FUNCIONAL;0:00:00;25/3/2026;0:00:00;NO ;N/A;0;NO;N/A;0;NO PRESENTA DAŃO;NO;;;CERRADO;0:00:00;1;VERDADERO
26500;25/3/2026;MONITOR DE SIGNOS VITALES ;Edan;M50;333123-M14102120037;545688;URGENCIAS ADULTOS;;buenas   trade    monitor continua presentando  fallas  para  toma  de presion;Se revisa monitor y se encuentra dańo en sensor de SPO2, se procede a realizar el cambio y se entrega uno nuevo al servicio, se realizan pruebas funcionales, equipo ok. ;Leonardo Marín;25/03/2026;? PTE POR CONFIRMAR;?? FUNCIONAL;0:00:00;25/03/2026;0:00:00;NO ;N/A;0;NO;N/A;0;DESGASTE;SÍ;Se entrega sensor de SPO2 adulto nuevo al servicio con número de serie FD202510280920452;;CERRADO;0:00:00;1;VERDADERO
26522;26/3/2026;OTROS EQUIPOS BIOMÉDICOS;Homedics;HHP-350;CLL05-0420;574214;HOSPITALIZACIÓN ADULTO 5° PISO;;vibropercutor deja de funcionar al utilizarlo, hace mal contacto con el cable;Se revisa equipo y se encuentra fractura interna en cable de alimentación, se procede a realizar la reparación del mismo y se hacen pruebas funcionales, se entrega al servicio en buenas condiciones. ;Victor Lopez;26/03/2026;? PTE POR CONFIRMAR;?? FUNCIONAL;0:00:00;26/03/2026;0:00:00;NO ;N/A;0;NO;N/A;0;DESAJUSTE;NO;;;CERRADO;0:00:00;1;VERDADERO
26534;26/3/2026;TENSIÓMETRO MANUAL;Lenz;GZ-805;805BJ09150000446;573025;CONSULTA EXTERNA;;buenas tardes se solicita revisar tensiómetro digital del consultorio 18, gracias quedo atenta.;Se revisa equipo y se encuentra en malas condiciones funcionales, se encuentra líquido al interior del equipo lo que hizo que no encendiera más, se encontró display reventado, se recomienda dar de baja el equipo. ;Leonardo Marín;30/3/2026;? PTE POR CONFIRMAR;?? FUERA DE SERVICIO;0:00:00;30/3/2026;0:00:00;SI;TOTAL ;0;NO;N/A;0;USO INADECUADO;NO;Equipo para dar de baja;;CERRADO;96:00:00;3;VERDADERO
26545;27/3/2026;MONITOR DE SIGNOS VITALES ;N/A;N/A;N/A;N/A;URGENCIAS PEDIATRÍA;;al monitor del cuarto de ranimacion y el de la toma de signos vitales, le hacen falta los cables para el ekg ya que son muy importantes, urgente, muchas gracias, urgencias pediatria;Se revisa equipo y se encuentra en buenas condiciones funcionales, se verifica estado de los accesorios y configuraciones, equipo ok. ;Leonardo Marín;30/03/2026;? PTE POR CONFIRMAR;?? FUNCIONAL;0:00:00;30/03/2026;0:00:00;NO ;N/A;0;NO;N/A;0;NO PRESENTA DAŃO;NO;;;CERRADO;72:00:00;2;VERDADERO
26546;27/3/2026;VENTILADOR MECÁNICO ;Carefusion / Vyaire;VELA COMPREHENSIVE 16532-08;CAT02934;574164;CUIDADO INTERMEDIO ADULTO;;ventilador mecanico de trasnporte del servicio de intermedios ubicado en el cuarto de equipos con activo fijo 574164 la manguera de oxigeno tiene fuga.;Se revisa equipo y se encuentra desajuste en la manguera de aire, se procede a realizar el ajuste correspondiente y se realizan pruebas funcionales, equipo ok,;Cristian Hurtado;27/3/2026;? PTE POR CONFIRMAR;?? FUNCIONAL;0:00:00;27/3/2026;0:00:00;NO ;N/A;0;NO;N/A;0;DESAJUSTE;NO;;;CERRADO;0:00:00;1;VERDADERO
26553;27/3/2026;MONITOR DE SIGNOS VITALES ;;;;;HOSPITALIZACIÓN QUIRÚRGICAS;;solicito de su colaboracion para la revision del oximetro que se encuentra en la estación 2 del servicio de quirurgicas. ;Se revisa equipo y se encuentra dańo en sensor de SPO2, se procede a reparar y se hacen pruebas funcionales, se entrega al servicio en buenas condiciones. ;Cristian Hurtado;27/3/2026;? PTE POR CONFIRMAR;?? FUNCIONAL;0:00:00;27/3/2026;0:00:00;NO ;N/A;0;NO;N/A;0;DESAJUSTE;NO;;;CERRADO;0:00:00;1;VERDADERO
26560;27/3/2026;NEVERA;Harris;HLT23U4BBA12;T016D66907TD;505204;BANCO DE SANGRE;;hola, buen dia, se solicita amablemente la revision de la nevera numero #2 ya que esta presenta variacion en la temperatura, no correspondientes a ella se agradece pronta colaboracion. ;Se revisa equipo y se encuentra nivel de refrigerante bajo, se realiza el ajuste y se hacen pruebas funcionales, se entrega al servicio en buenas condiciones. ;David Ospina;31/03/2026;? PTE POR CONFIRMAR;?? FUNCIONAL;0:00:00;31/03/2026;0:00:00;NO ;N/A;0;NO;N/A;0;DESAJUSTE;NO;;;CERRADO;96:00:00;3;VERDADERO
26565;27/3/2026;NEVERA;Supernordico;NO DEFINIDO;12-0828;544868;HOSPITALIZACIÓN PEDIATRÍA (Ruta Dorada);;cordial saludo, solicito por favor la revision de la nevera ya que dan temperaturas de 15°c, muchas gracias;Se revisa equipo y se encuentra nivel de refrigerante bajo, se realiza el ajuste y se hacen pruebas funcionales, se entrega al servicio en buenas condiciones. ;David Ospina;31/03/2026;? PTE POR CONFIRMAR;?? FUNCIONAL;0:00:00;31/03/2026;0:00:00;NO ;N/A;0;NO;N/A;0;DESAJUSTE;NO;;;CERRADO;96:00:00;3;VERDADERO
26574;27/3/2026;INCUBADORA;Atom;AIR INCU I 62060;190800774;574288;CUIDADO INTENSIVO NEONATAL;;buena tarde para reportar pita falla de error de la potencia del ventilador en incubadora atom activo fijo no 574288, queda en el pasillo de neonatos. agradecemos su colaboracion y pronta respuesta.;Se revisa equipo y se encuentra falla en motor ventilador del equipo, requiere cambio del motor, se inicia proceso de adquisición para reparación, equipo queda fuera de servicio mientras llega el repuesto. ;Victor Lopez;30/03/2026;? TRABAJANDO;?? FUERA DE SERVICIO;0:00:00;30/03/2026;0:00:00;SI;PARCIAL;0;NO;N/A;0;FALLA INTERNA ;NO;;;PENDIENTE;72:00:00;2;VERDADERO
26583;29/3/2026;MONITOR DE SIGNOS VITALES ;Mindray;BENEVIEW T5;CM-3B134868;545465;CUIDADO INTENSIVO ADULTO;;se solicita cambio de de brazalete de cubiculo 32 de uci adultos, ya que presenta fuga;Se revisa el equipo y se encuentra dańo en brazalete, se procede a realizar el cambio y se hacen pruebas funcionales. Equipo en buenas condiciones. ;Cristian Hurtado;01/04/2026;? PTE POR CONFIRMAR;?? FUNCIONAL;0:00:00;01/04/2026;0:00:00;NO ;N/A;0;NO;N/A;0;DESGASTE;SÍ;Se entrega brazalete 1 vía adulto nuevo al servicio;;CERRADO;72:00:00;3;VERDADERO
26587;29/3/2026;MONITOR DE SIGNOS VITALES ;N/A;N/A;N/A;N/A;HOSPITALIZACIÓN QUIRÚRGICAS;;buenos días por favor revisar monitores de signos vitales no están cargando gracias;Se revisan equipos y se encuentran en buenas condiciones funcionales, se verifica es estado de las baterías y accesorios, equipos ok.;Victor Lopez;29/3/2026;? PTE POR CONFIRMAR;?? FUNCIONAL;0:00:00;29/3/2026;0:00:00;NO ;N/A;0;NO;N/A;0;NO PRESENTA DAŃO;NO;;;CERRADO;0:00:00;0;VERDADERO
26590;29/3/2026;MONITOR DE SIGNOS VITALES ;N/A;N/A;N/A;N/A;UNIDAD CRÍTICA OBSTÉTRICA;;brazalete de tensiometro dańado;Se revisa equipo y se encuentra brazalete en mal estado, no permite reparación, se procede a cambiar el brazalete y se realizan pruebas funcionales, equipo ok. ;Victor Lopez;30/3/2026;? PTE POR CONFIRMAR;?? FUNCIONAL;0:00:00;30/3/2026;0:00:00;NO ;N/A;0;NO;N/A;0;DESGASTE;NO;;;CERRADO;24:00:00;1;VERDADERO
26608;30/3/2026;LARINGOSCOPIO;N/A;N/A;N/A;N/A;URGENCIAS ADULTOS;Reanimación;los laringos estan disfunsionales se les cambia la pila y no encienden correctamente,;Se revisan los equipos y se realiza limpieza de contactos eléctricos, se revisa bombillo y porta bombillo y se hacen pruebas funcionales. ;Victor Lopez;30/03/2026;? PTE POR CONFIRMAR;?? FUNCIONAL;0:00:00;30/03/2026;0:00:00;NO ;N/A;0;NO;N/A;0;DESGASTE;NO;;;CERRADO;0:00:00;1;VERDADERO
26612;30/3/2026;OTROS EQUIPOS BIOMÉDICOS;Los Pinos;SM-3M-TL;78505;547392;HEMODIÁLISIS;;silla del cubiculo 1 y silla de cubiculo 6, no funciona el control remoto y no da conección a la energia- unidad renal;Se revisan sillas y se encuentra dańo en los controles de mando, se proceden a reparar y se realizan pruebas funcionales, se entregan al servicio en buenas condiciones. ;Victor Lopez;01/04/2026;? PTE POR CONFIRMAR;?? FUNCIONAL;0:00:00;01/04/2026;0:00:00;NO ;N/A;0;NO;N/A;0;USO INADECUADO;NO;;;CERRADO;48:00:00;3;VERDADERO
26613;30/3/2026;BÁSCULA/PESA;Health O Meter;402KL;402WA02669;546045;HEMODIÁLISIS;;les agradeceria de ante mano realizar la calibracion de la bascula de hemodialisis. muchas gracias;Se revisa equipo y se encuentra en buenas condiciones funcionales, se verifia el ajuste a cero y se verifica el estado mecánico. ;Victor Lopez;31/03/2026;? PTE POR CONFIRMAR;?? FUNCIONAL;0:00:00;31/03/2026;0:00:00;NO ;N/A;0;NO;N/A;0;NO PRESENTA DAŃO;NO;;;CERRADO;24:00:00;2;VERDADERO
26616;30/3/2026;OTROS EQUIPOS BIOMÉDICOS;N/A;N/A;N/A;N/A;QUIRÓFANO;;buenas tardes por favor bajar los escudos de los tomas medicinales y oxigeno, gracias.;Se bajan todos los escudos de las salas 1 a la 4 para ser pintados;Cristian Hurtado;31/03/2026;? PTE POR CONFIRMAR;?? FUNCIONAL;0:00:00;31/03/2026;0:00:00;NO ;N/A;0;NO;N/A;0;NO PRESENTA DAŃO;NO;;;CERRADO;24:00:00;2;VERDADERO
26628;30/3/2026;MONITOR DE SIGNOS VITALES ;Edan;M50;333123-M14102120051;545695;HOSPITALIZACIÓN QUIRÚRGICAS;;hola buena noche se monta nuevamente soporte de monitor de signos estacion 3 de ginecologia  el cual no esta funcionando adecuadamente , no funciona el punto de conexion del brazalete de tension arterial dado a que se probo con otro de otro monitor y seguia con la misma falla , muchas gracias;Se revisa equipo, se realizan pruebas de fugas, se encuentra brazalete en malas condiciones, se procede a realizar el cambio, se realizan pruebas funcionales y se entrega al servicio en buenas condiciones;Victor Lopez;1/4/2026;? PTE POR CONFIRMAR;?? FUNCIONAL;0:00:00;1/4/2026;0:00:00;NO ;N/A;0;NO;N/A;0;DESGASTE;SÍ;Se entrega brazalete 1 vía adulto nuevo al servicio;;CERRADO;48:00:00;3;VERDADERO
26630;31/3/2026;MONITOR DE SIGNOS VITALES ;Edan;IM8;360001/M19910220009;573991;HOSPITALIZACIÓN ADULTO 5° PISO;;buenas noche se solicita el arreglo del brazalete de singnos vitales de la estacion # 1 de servicios especiales que  no toma la presion muchas alejandra ospina enfermera.;Se revisa el equipo , se hace prueba de fugas, se verifica estado de los accesorios y se hacen pruebas funcionales. Equipo en buenas condiciones;Cristian Hurtado;31/03/2026;? PTE POR CONFIRMAR;?? FUNCIONAL;0:00:00;31/03/2026;0:00:00;NO ;N/A;0;NO;N/A;0;DESGASTE;NO;;;CERRADO;0:00:00;1;VERDADERO
26631;31/3/2026;MONITOR DE SIGNOS VITALES ;Edan;M50;333123-M14102120037;545688;URGENCIAS ADULTOS;;buenos  dias se solicita   revisión del   equipo de     signos   vitales de  triage   urgencias no esta  tomado la presión  arterial     gracias;Se revisa el equipo y se encuentra dańo en brazalete, se procede a realizar el cambio y se hacen pruebas funcionales. Equipo en buenas condiciones. ;Leonardo Marín;31/3/2026;? PTE POR CONFIRMAR;?? FUNCIONAL;0:00:00;31/3/2026;0:00:00;NO ;N/A;0;NO;N/A;0;DESGASTE;NO;;;CERRADO;0:00:00;1;VERDADERO
26633;31/3/2026;MONITOR DE SIGNOS VITALES ;Edan;M50;333021-M13301830022-01;545366;URGENCIAS ADULTOS;Reanimación;buenos dias, porfavor revisar monitor que no esta marcando frecuencia cardiaca ni sensa presion arterial, y para recordarle que este mismo monitoro se encuentra sin sensor de pulsioximetro que se lo llevo biomedico para revision y/o reposicion, muchas gracias;Se revisa equipo y se encuentra que no toma frecuencia cardiaca con cable ecg, se verifica configuración, se ajustan parámetros y se hacen pruebas funcionales. Equipo Ok. ;Cristian Hurtado;31/3/2026;? PTE POR CONFIRMAR;?? FUNCIONAL;0:00:00;31/3/2026;0:00:00;NO ;N/A;0;NO;N/A;0;INADECUADA CONFIGURACIÓN;NO;;;CERRADO;0:00:00;1;VERDADERO
26636;31/3/2026;MONITOR DE SIGNOS VITALES ;Edan;M50;333123-M13707020054-01;545371;HOSPITALIZACIÓN ADULTO 5° PISO;;buenos días, favor revisar tensiómetro de la estación nro 3 que no funciona. gracias.;Se revisa el equipo y se encuentra dańo en brazalete, se procede a realizar el cambio y se hacen pruebas funcionales. Equipo en buenas condiciones. ;Cristian Hurtado;31/03/2026;? PTE POR CONFIRMAR;?? FUNCIONAL;0:00:00;31/03/2026;0:00:00;NO ;N/A;0;NO;N/A;0;DESGASTE;SÍ;Se entrega brazalete 1 vía adulto nuevo al servicio;;CERRADO;0:00:00;1;VERDADERO
26639;31/3/2026;MONITOR DE SIGNOS VITALES ;Edan;M50;333123-M13707020054-01;545371;HOSPITALIZACIÓN ADULTO 5° PISO;;buenos dias, se solicita el fvor de arreglo de tensiometro de la estacion 3 del 5to piso.;Se revisa el equipo y se encuentra dańo en brazalete, se procede a realizar el cambio y se hacen pruebas funcionales. Equipo en buenas condiciones. ;Cristian Hurtado;31/03/2026;? PTE POR CONFIRMAR;?? FUNCIONAL;0:00:00;31/03/2026;0:00:00;NO ;N/A;0;NO;N/A;0;DESGASTE;NO;;;CERRADO;0:00:00;1;VERDADERO
26640;31/3/2026;MONITOR DE SIGNOS VITALES ;Edan;IM8;360001/M19910220009;573991;HOSPITALIZACIÓN ADULTO 5° PISO;;buenos dias, se solicita el favor de arreglo de tensiometro de la estacion 1 del 5to piso.;Se revisa el equipo , se hace prueba de fugas, se verifica estado de los accesorios y se hacen pruebas funcionales. Equipo en buenas condiciones;Cristian Hurtado;31/03/2026;? PTE POR CONFIRMAR;?? FUNCIONAL;0:00:00;31/03/2026;0:00:00;NO ;N/A;0;NO;N/A;0;DESGASTE;NO;;;CERRADO;0:00:00;1;VERDADERO
26657;31/3/2026;GLUCÓMETRO;;;F017346N0219;;HOSPITALIZACIÓN GINECO-OBSTETRICIA;Sala de Partos;se solicita revisar y repara glucometro de partos, no funciona;Se revisa equipo y se realizan pruebas de medición con líquidos de control arrojando valores normales, se retorna al servicio en buenas condiciones funcionales. ;Cristian Hurtado;31/3/2026;? PTE POR CONFIRMAR;?? FUNCIONAL;0:00:00;31/3/2026;0:00:00;NO ;N/A;0;NO;N/A;0;NO PRESENTA DAŃO;NO;;;CERRADO;0:00:00;1;VERDADERO
;;;;;;;;;;;;;;;;;;;;;;;;;;;;;;;
;;;;;;;;;;;;;;;;;;;;;;;;;;;;;;;
;;;;;;SOLICITADOS ;160;;;;;;;;;;;;;;;;;;;;;;;;
;;;;REPORTADOS ;;CERRADOS;144;;;;;;;;;;;;;;;;;;;;;;;;
;;;;SOLICITADOS ;;TRABAJANDO ;16;;;;;;;;;;;;;;;;;;;;;;;;
;;;;;;SOLICITADO;0;;;;;;;;;;;;;;;;;;;;;;;;
;;;;;;;90%;;;;;;;;;;;;;;;;;;;;;;;;
