Serial,Id_Unico,Equipo,Marca,Modelo,Servicio,Ubicacion,Nueva_Ubicacion,Fuentes
17948229,,BOMBA DE INFUSIÓN,ICU MEDICAL,PLUM A+ ,,CIRUGIA,URGENCIAS PEDIATRÍA,ICU_MEDICAL_LIST
17948543,,BOMBA DE INFUSIÓN,ICU MEDICAL,PLUM A+,,PEDIATRIA SALAS,UCI PEDIÁTRICA,"BOMBAS_2026_MAIN, ICU_MEDICAL_LIST"
17949339,,BOMBA DE INFUSIÓN,ICU MEDICAL,PLUM A+ Wireless,,PEDIATRIA SALAS,HOSPITALIZACIÓN ADULTOS PISO 4,"BOMBAS_2026_MAIN, ICU_MEDICAL_LIST"
17949437,,BOMBA DE INFUSIÓN,ICU MEDICAL,PLUM A+ ,,PEDIATRIA SALAS,URGENCIAS PEDIATRÍA,"BOMBAS_2026_MAIN, ICU_MEDICAL_LIST"
17949459,17949459.0,BOMBA DE INFUSIÓN,ICU MEDICAL,PLUM A+ Wireless ,HOSPITALIZACIÓN ADULTOS 5° PISO,FALTA POR UBICAR,,"ICU_MEDICAL_LIST, INV_2025"
17949608,,BOMBA DE INFUSIÓN,ICU MEDICAL,PLUM A+ Wireless,,HOSPITALIZACIÓN CIRUGIA,HOSPITALIZACIÓN ADULTOS PISO 4,"BOMBAS_2026_MAIN, ICU_MEDICAL_LIST"
17949619,,BOMBA DE INFUSIÓN,ICU MEDICAL,PLUM A+ Wireless,,HEMATO PEDIATRIA,GINECOBSTETRICIA,ICU_MEDICAL_LIST
17949639,,BOMBA DE INFUSIÓN,ICU MEDICAL,PLUM A+ Wireless,,HEMATO PEDIATRIA,HOSPITALIZACIÓN ADULTOS PISO 4,"BOMBAS_2026_MAIN, ICU_MEDICAL_LIST"
17949695,17949695.0,BOMBA DE INFUSIÓN,ICU MEDICAL,PLUM A+ Wireless,HOSPITALIZACIÓN GINECO-OBSTETRICIA,,UCI PEDIÁTRICA,"BOMBAS_2026_MAIN, ICU_MEDICAL_LIST, INV_2025"
17950382,,BOMBA DE INFUSIÓN,ICU MEDICAL,PLUM A+ Wireless ,,FALTA POR UBICAR,HOSPITALIZACIÓN ADULTOS PISO 4,"BOMBAS_2026_MAIN, ICU_MEDICAL_LIST"
17950478,,BOMBA DE INFUSIÓN,ICU MEDICAL,PLUM A+ Wireless,,URGENCIAS,HOSPITALIZACIÓN ADULTOS PISO 4,"BOMBAS_2026_PENDIENTES, ICU_MEDICAL_LIST"
17950509,17950509.0,BOMBA DE INFUSIÓN,ICU MEDICAL,PLUM A+ Wireless,HOSPITALIZACIÓN ADULTOS 5° PISO,HOSPITALIZACIÓN 5 PISO,,"BOMBAS_2026_MAIN, ICU_MEDICAL_LIST, INV_2025"
17950555,,BOMBA DE INFUSIÓN,ICU MEDICAL,PLUM A+ Wireless,,URGENCIAS MUJERES,UCI PEDIATRICA,"BOMBAS_2026_MAIN, ICU_MEDICAL_LIST"
17950641,17950641.0,BOMBA DE INFUSIÓN,ICU MEDICAL,PLUM A+ Wireless,BLOQUE QUIRÚRGICO,URGENCIAS MUJERES,UCI PEDIATRICA,"BOMBAS_2026_MAIN, ICU_MEDICAL_LIST, INV_2025"
17950690,,BOMBA DE INFUSIÓN,ICU MEDICAL,PLUM A+ Wireless,,UCI NEO,UCI PEDIATRICA,"BOMBAS_2026_MAIN, ICU_MEDICAL_LIST"
17950738,,BOMBA DE INFUSIÓN,ICU MEDICAL,PLUM A+ Wireless,,PEDIATRIA SALAS,,"BOMBAS_2026_MAIN, ICU_MEDICAL_LIST"
17950741,,BOMBA DE INFUSIÓN,ICU MEDICAL,PLUM A+ Wireless,,HOSPITALIZACIÓN 4 PISO (M.I),HOSPITALIZACIÓN ADULTOS EXPANSIÓN,"BOMBAS_2026_PENDIENTES, ICU_MEDICAL_LIST"
17950747,17950747.0,BOMBA DE INFUSIÓN,ICU MEDICAL,PLUM A+ Wireless,BLOQUE QUIRÚRGICO,INTERMEDIOS ADULTOS,HOSPITALIZACIÓN CIRUGÍA,"BOMBAS_2026_MAIN, ICU_MEDICAL_LIST, INV_2025"
17950752,,BOMBA DE INFUSIÓN,ICU MEDICAL,PLUM A+ Wireless,,UCI NEO,,"BOMBAS_2026_MAIN, ICU_MEDICAL_LIST"
17950762,,BOMBA DE INFUSIÓN,ICU MEDICAL,PLUM A+ ,,UCI NEO,URGENCIAS ADULTOS,"BOMBAS_2026_MAIN, ICU_MEDICAL_LIST"
17950799,,BOMBA DE INFUSIÓN,ICU MEDICAL,PLUM A+ Wireless,,UCI NEO,UCI PEDIATRICA,"BOMBAS_2026_MAIN, ICU_MEDICAL_LIST"
17950808,17950808.0,BOMBA DE INFUSIÓN,ICU MEDICAL,PLUM A+ Wireless,BLOQUE QUIRÚRGICO,UCI PEDIATRICA,,"BOMBAS_2026_PENDIENTES, ICU_MEDICAL_LIST, INV_2025"
17950850,,BOMBA DE INFUSIÓN,ICU MEDICAL,PLUM A+ Wireless,,UCI PEDIATRICA,HOSPITALIZACIÓN ADULTOS PISO 5,"BOMBAS_2026_MAIN, ICU_MEDICAL_LIST"
17950898,,BOMBA DE INFUSIÓN,ICU MEDICAL,PLUM A+ ,,UCI NEO,URGENCIAS ADULTOS,"BOMBAS_2026_MAIN, ICU_MEDICAL_LIST"
17950900,,BOMBA DE INFUSIÓN,ICU MEDICAL,PLUM A+ Wireless ,,FALTA POR UBICAR,HOSPITALIZACIÓN ADULTOS PISO 4,"BOMBAS_2026_MAIN, ICU_MEDICAL_LIST"
17950925,,BOMBA DE INFUSIÓN,ICU MEDICAL,PLUM A+ Wireless,,INTERMEDIOS PEDIATRIA,HOSPITALIZACIÓN ADULTOS EXPANSIÓN,"BOMBAS_2026_MAIN, ICU_MEDICAL_LIST"
17950945,,BOMBA DE INFUSIÓN,ICU MEDICAL,PLUM A+ ,,UCI NEO,URGENCIAS ADULTOS,"BOMBAS_2026_MAIN, ICU_MEDICAL_LIST"
17950948,,BOMBA DE INFUSIÓN,ICU MEDICAL,PLUM A+ Wireless,,INTERMEDIOS PEDIATRIA,HOSPITALIZACIÓN ADULTOS EXPANSIÓN,"BOMBAS_2026_PENDIENTES, ICU_MEDICAL_LIST"
17950952,,BOMBA DE INFUSIÓN,ICU MEDICAL,PLUM A+ Wireless,,HOSPITALIZACIÓN CIRUGIA,,ICU_MEDICAL_LIST
17950987,,BOMBA DE INFUSIÓN,ICU MEDICAL,PLUM A+ ,,UCI NEO,URGENCIAS ADULTOS,"BOMBAS_2026_MAIN, ICU_MEDICAL_LIST"
17950994,,BOMBA DE INFUSIÓN,ICU MEDICAL,PLUM A+ Wireless,,CIRUGIA,,"BOMBAS_2026_MAIN, ICU_MEDICAL_LIST"
17951002,17951002.0,BOMBA DE INFUSIÓN,ICU MEDICAL,PLUM A+ Wireless,HOSPITALIZACIÓN QUIRÚRGICAS,HOSPITALIZACIÓN CIRUGIA,HOSPITALIZACIÓN ADULTOS PISO 5,"BOMBAS_2026_MAIN, ICU_MEDICAL_LIST, INV_2025"
17951004,,BOMBA DE INFUSIÓN,ICU MEDICAL,PLUM A+ Wireless ,,FALTA POR UBICAR,,"BOMBAS_2026_MAIN, ICU_MEDICAL_LIST"
17951008,,BOMBA DE INFUSIÓN,ICU MEDICAL,PLUM A+ Wireless,,UCI NEO,UCI PEDIATRICA,"BOMBAS_2026_MAIN, ICU_MEDICAL_LIST"
17951203,,BOMBA DE INFUSIÓN,ICU MEDICAL,PLUM A+ ,,UCI NEO,UCI PEDIATRICA,"BOMBAS_2026_MAIN, ICU_MEDICAL_LIST"
17951256,,BOMBA DE INFUSIÓN,ICU MEDICAL,PLUM A+,,PEDIATRIA SALAS,HOSPITALIZACIÓN ADULTOS PISO 4,"BOMBAS_2026_MAIN, ICU_MEDICAL_LIST"
17951848,,BOMBA DE INFUSIÓN,ICU MEDICAL,PLUM A+ Wireless,,UCI PEDIATRICA,UCI PEDIÁTRICA,"BOMBAS_2026_MAIN, ICU_MEDICAL_LIST"
17951891,,BOMBA DE INFUSIÓN,ICU MEDICAL,PLUM A+ Wireless,,HOSPITALIZACIÓN CIRUGIA,UCI PEDIÁTRICA,"BOMBAS_2026_MAIN, ICU_MEDICAL_LIST"
17951899,17951899.0,BOMBA DE INFUSIÓN,ICU MEDICAL,PLUM A+ Wireless,HOSPITALIZACIÓN GINECO-OBSTETRICIA,FALTA POR UBICAR,UCI PEDIATRICA,"BOMBAS_2026_MAIN, ICU_MEDICAL_LIST, INV_2025"
17951981,,BOMBA DE INFUSIÓN,ICU MEDICAL,PLUM A+ Wireless,,INTERMEDIOS PEDIATRIA,,"BOMBAS_2026_MAIN, ICU_MEDICAL_LIST"
17951990,,BOMBA DE INFUSIÓN,ICU MEDICAL,PLUM A+ ,,UCI NEO,URGENCIAS ADULTOS,"BOMBAS_2026_MAIN, ICU_MEDICAL_LIST"
17952019,,BOMBA DE INFUSIÓN,ICU MEDICAL,PLUM A+ ,,UCO,URGENCIAS ADULTOS,"BOMBAS_2026_MAIN, ICU_MEDICAL_LIST"
17952141,,BOMBA DE INFUSIÓN,ICU MEDICAL,PLUM A+ Wireless,,HEMATO PEDIATRIA,,ICU_MEDICAL_LIST
17952171,,BOMBA DE INFUSIÓN,ICU MEDICAL,PLUM A+ Wireless,,UCI NEO,,"BOMBAS_2026_MAIN, ICU_MEDICAL_LIST"
17952250,17952250.0,BOMBA DE INFUSIÓN,ICU MEDICAL,PLUM A+ Wireless,HOSPITALIZACIÓN QUIRÚRGICAS,INTERMEDIOS ADULTOS,HOSPITALIZACIÓN ADULTOS PISO 5,"BOMBAS_2026_MAIN, ICU_MEDICAL_LIST, INV_2025"
17952346,,BOMBA DE INFUSIÓN,ICU MEDICAL,PLUM A+ ,,HOSPITALIZACIÓN CIRUGIA,UCI PEDIATRICA,"BOMBAS_2026_MAIN, ICU_MEDICAL_LIST"
17952427,,BOMBA DE INFUSIÓN,ICU MEDICAL,PLUM A+ ,,UCI NEO,URGENCIAS ADULTOS,"BOMBAS_2026_MAIN, ICU_MEDICAL_LIST"
17952541,,BOMBA DE INFUSIÓN,ICU MEDICAL,PLUM A+ Wireless,,INTERMEDIOS PEDIATRIA,,"BOMBAS_2026_MAIN, ICU_MEDICAL_LIST"
17952558,17952558.0,BOMBA DE INFUSIÓN,ICU MEDICAL,PLUM A+ Wireless,HOSPITALIZACIÓN ADULTOS 5° PISO,HOSPITALIZACIÓN CIRUGIA,HOSPITALIZACIÓN ADULTOS PISO 5,"BOMBAS_2026_PENDIENTES, ICU_MEDICAL_LIST, INV_2025"
17952581,,BOMBA DE INFUSIÓN,ICU MEDICAL,PLUM A+ Wireless,,UCI NEO,UCI PEDIATRICA,"BOMBAS_2026_MAIN, ICU_MEDICAL_LIST"
17952629,,BOMBA DE INFUSIÓN,ICU MEDICAL,PLUM A+ ,,URGENCIAS PEDIATRIA,URGENCIAS PEDIATRÍA,"BOMBAS_2026_MAIN, ICU_MEDICAL_LIST"
17955790,,BOMBA DE INFUSIÓN,ICU MEDICAL,PLUM A+,,URGENCIAS PEDIATRIA,HOSPITALIZACIÓN ADULTOS EXPANSIÓN,"BOMBAS_2026_MAIN, ICU_MEDICAL_LIST"
17955919,,BOMBA DE INFUSIÓN,ICU MEDICAL,PLUM A+,,URGENCIAS PEDIATRIA,HOSPITALIZACIÓN ADULTOS EXPANSIÓN,"BOMBAS_2026_MAIN, ICU_MEDICAL_LIST"
17956569,,BOMBA DE INFUSIÓN,ICU MEDICAL,PLUM A+ Wireless,,HOSPITALIZACIÓN 4 PISO (M.I),HOSPITALIZACIÓN ADULTOS PISO 4,"BOMBAS_2026_MAIN, ICU_MEDICAL_LIST"
17956711,,BOMBA DE INFUSIÓN,ICU MEDICAL,PLUM A+,,INTERMEDIOS ADULTOS,HOSPITALIZACIÓN ADULTOS EXPANSIÓN,"BOMBAS_2026_MAIN, ICU_MEDICAL_LIST"
18437643,,BOMBA DE INFUSIÓN,ICU MEDICAL,PLUM A+,,HOSPITALIZACIÓN 4 PISO (M.I),,ICU_MEDICAL_LIST
18437914,,BOMBA DE INFUSIÓN,ICU MEDICAL,PLUM A+,,UCI ADULTOS,RETIRADO,ICU_MEDICAL_LIST
18437964,,BOMBA DE INFUSIÓN,ICU MEDICAL,PLUM A+,,UCI NEO,RETIRADO,ICU_MEDICAL_LIST
18438018,,BOMBA DE INFUSIÓN,ICU MEDICAL,PLUM A+,,UCI PEDIATRICA,RETIRADO,ICU_MEDICAL_LIST
18438165,18438165.0,BOMBA DE INFUSIÓN,ICU MEDICAL,PLUM A+,HOSPITALIZACIÓN PEDIATRÍA (Ruta Dorada),HEMATO 2 PISO,RETIRADO,"ICU_MEDICAL_LIST, INV_2025"
18438327,,BOMBA DE INFUSIÓN,ICU MEDICAL,PLUM A+,,UCI PEDIATRICA,RETIRADO,ICU_MEDICAL_LIST
18438338,,BOMBA DE INFUSIÓN,ICU MEDICAL,PLUM A+,,UCI ADULTOS,RETIRADO,ICU_MEDICAL_LIST
18439096,,BOMBA DE INFUSIÓN,ICU MEDICAL,PLUM A+,,PEDIATRIA SALAS,RETIRADO,ICU_MEDICAL_LIST
18439952,,BOMBA DE INFUSIÓN,ICU MEDICAL,PLUM A+,,URGENCIAS,RETIRADO,ICU_MEDICAL_LIST
18440085,,BOMBA DE INFUSIÓN,ICU MEDICAL,PLUM A+,,UCI NEO,RETIRADO,ICU_MEDICAL_LIST
18441624,,BOMBA DE INFUSIÓN,ICU MEDICAL,PLUM A+,,URGENCIAS MUJERES,RETIRADO,ICU_MEDICAL_LIST
18441654,,BOMBA DE INFUSIÓN,ICU MEDICAL,PLUM A+,,UCI ADULTOS,RETIRADO,ICU_MEDICAL_LIST
18441745,18441745.0,BOMBA DE INFUSIÓN,ICU MEDICAL,PLUM A+,HOSPITALIZACIÓN QUIRÚRGICAS,HOSPITALIZACIÓN CIRUGIA,RETIRADO,"ICU_MEDICAL_LIST, INV_2025"
18442021,,BOMBA DE INFUSIÓN,ICU MEDICAL,PLUM A+,,UCI NEO,RETIRADO,ICU_MEDICAL_LIST
18442097,18442097.0,BOMBA DE INFUSIÓN,ICU MEDICAL,PLUM A+,HOSPITALIZACIÓN QUIRÚRGICAS,UCI ADULTOS,RETIRADO,"ICU_MEDICAL_LIST, INV_2025"
18442238,,BOMBA DE INFUSIÓN,ICU MEDICAL,PLUM A+,,UCI PEDIATRICA,RETIRADO,ICU_MEDICAL_LIST
18442271,,BOMBA DE INFUSIÓN,ICU MEDICAL,PLM A+ SPANISH,,FALTA POR UBICAR,RETIRADO,ICU_MEDICAL_LIST
18442275,18442275.0,BOMBA DE INFUSIÓN,ICU MEDICAL,PLM A+ SPANISH,HOSPITALIZACIÓN QUIRÚRGICAS,FALTA POR UBICAR,RETIRADO,"ICU_MEDICAL_LIST, INV_2025"
18442277,18442277.0,BOMBA DE INFUSIÓN,ICU MEDICAL,PLUM A+,HOSPITALIZACIÓN ADULTOS 5° PISO,HOSPITALIZACIÓN 5 PISO,RETIRADO,"ICU_MEDICAL_LIST, INV_2025"
18442304,18442304.0,BOMBA DE INFUSIÓN,ICU MEDICAL,PLUM A+,HOSPITALIZACIÓN GINECO-OBSTETRICIA,UCI ADULTOS,RETIRADO,"ICU_MEDICAL_LIST, INV_2025"
18442527,,BOMBA DE INFUSIÓN,ICU MEDICAL,PLUM A+,,URGENCIAS MUJERES,RETIRADO,ICU_MEDICAL_LIST
18442559,,BOMBA DE INFUSIÓN,ICU MEDICAL,PLUM A+,,UCI ADULTOS,RETIRADO,ICU_MEDICAL_LIST
18442578,,BOMBA DE INFUSIÓN,ICU MEDICAL,PLUM A+,,UCI PEDIATRICA,RETIRADO,ICU_MEDICAL_LIST
18442600,,BOMBA DE INFUSIÓN,ICU MEDICAL,PLUM A+,,UCI PEDIATRICA,RETIRADO,ICU_MEDICAL_LIST
18443693,,BOMBA DE INFUSIÓN,ICU MEDICAL,PLUM A+,,HEMATO 3 PISO,,ICU_MEDICAL_LIST
18445436,,BOMBA DE INFUSIÓN,ICU MEDICAL,PLUM A+,,UCI PEDIATRICA,RETIRADO,ICU_MEDICAL_LIST
18446004,18446004.0,BOMBA DE INFUSIÓN,ICU MEDICAL,PLUM A+,HOSPITALIZACIÓN ADULTOS 5° PISO,HOSPITALIZACIÓN 5 PISO,RETIRADO,"ICU_MEDICAL_LIST, INV_2025"
18446018,,BOMBA DE INFUSIÓN,ICU MEDICAL,PLUM A+,,UCI NEO,RETIRADO,ICU_MEDICAL_LIST
18446146,,BOMBA DE INFUSIÓN,ICU MEDICAL,PLM A+ SPANISH,,FALTA POR UBICAR,RETIRADO,ICU_MEDICAL_LIST
18446151,,BOMBA DE INFUSIÓN,ICU MEDICAL,PLUM A+,,HOSPITALIZACIÓN 4 PISO (M.I),RETIRADO,ICU_MEDICAL_LIST
18446173,,BOMBA DE INFUSIÓN,ICU MEDICAL,PLUM A+,,INTERMEDIOS PEDIATRIA,RETIRADO,ICU_MEDICAL_LIST
18446181,,BOMBA DE INFUSIÓN,ICU MEDICAL,PLUM A+,,UCI PEDIATRICA,RETIRADO,ICU_MEDICAL_LIST
18446297,,BOMBA DE INFUSIÓN,ICU MEDICAL,PLM A+ SPANISH,,FALTA POR UBICAR,RETIRADO,ICU_MEDICAL_LIST
18446690,,BOMBA DE INFUSIÓN,ICU MEDICAL,PLUM A+,,INTERMEDIOS PEDIATRIA,RETIRADO,ICU_MEDICAL_LIST
18446721,,BOMBA DE INFUSIÓN,ICU MEDICAL,PLUM A+,,UCI NEO,RETIRADO,ICU_MEDICAL_LIST
18446794,,BOMBA DE INFUSIÓN,ICU MEDICAL,PLUM A+,,URGENCIAS MUJERES,RETIRADO,ICU_MEDICAL_LIST
18446796,,BOMBA DE INFUSIÓN,ICU MEDICAL,PLUM A+,,UCO,RETIRADO,ICU_MEDICAL_LIST
18446887,18446887.0,BOMBA DE INFUSIÓN,ICU MEDICAL,PLUM A+,HOSPITALIZACIÓN QUIRÚRGICAS,HOSPITALIZACIÓN CIRUGIA,RETIRADO,"ICU_MEDICAL_LIST, INV_2025"
18446895,,BOMBA DE INFUSIÓN,ICU MEDICAL,PLUM A+,,INTERMEDIOS PEDIATRIA,,ICU_MEDICAL_LIST
18446924,18446924.0,BOMBA DE INFUSIÓN,ICU MEDICAL,PLUM A+,HOSPITALIZACIÓN ADULTOS 5° PISO,HOSPITALIZACIÓN CIRUGIA,RETIRADO,"ICU_MEDICAL_LIST, INV_2025"
18446959,,BOMBA DE INFUSIÓN,ICU MEDICAL,PLUM A+,,HOSPITALIZACIÓN 4 PISO (M.I),RETIRADO,ICU_MEDICAL_LIST
18447003,,BOMBA DE INFUSIÓN,ICU MEDICAL,PLUM A+,,URGENCIAS,RETIRADO,ICU_MEDICAL_LIST
18447014,18447014.0,BOMBA DE INFUSIÓN,ICU MEDICAL,PLUM A+,HOSPITALIZACIÓN PEDIATRÍA (Ruta Dorada),HEMATO 3 PISO,,"ICU_MEDICAL_LIST, INV_2025"
18447046,,BOMBA DE INFUSIÓN,ICU MEDICAL,PLUM A+,,PEDIATRIA SALAS,RETIRADO,ICU_MEDICAL_LIST
18447065,,BOMBA DE INFUSIÓN,ICU MEDICAL,PLUM A+,,URGENCIAS MUJERES,RETIRADO,ICU_MEDICAL_LIST
18447540,,BOMBA DE INFUSIÓN,ICU MEDICAL,PLM A+ SPANISH,,FALTA POR UBICAR,RETIRADO,ICU_MEDICAL_LIST
18447567,,BOMBA DE INFUSIÓN,ICU MEDICAL,PLUM A+,,URGENCIAS,RETIRADO,ICU_MEDICAL_LIST
18447612,18447612.0,BOMBA DE INFUSIÓN,ICU MEDICAL,PLUM A+,HOSPITALIZACIÓN ADULTOS 5° PISO,HEMATO 3 PISO,RETIRADO,"ICU_MEDICAL_LIST, INV_2025"
18448164,18448164.0,BOMBA DE INFUSIÓN,ICU MEDICAL,PLUM A+,HOSPITALIZACIÓN PEDIATRÍA (Ruta Dorada),HEMATO 2 PISO,RETIRADO,"ICU_MEDICAL_LIST, INV_2025"
18448185,,BOMBA DE INFUSIÓN,ICU MEDICAL,PLUM A+,,UCI NEO,RETIRADO,ICU_MEDICAL_LIST
18448202,18448202.0,BOMBA DE INFUSIÓN,ICU MEDICAL,PLUM A+,HOSPITALIZACIÓN PEDIATRÍA (Ruta Dorada),HEMATO 2 PISO,RETIRADO,"ICU_MEDICAL_LIST, INV_2025"
18448276,18448276.0,BOMBA DE INFUSIÓN,ICU MEDICAL,PLUM A+,HOSPITALIZACIÓN PEDIATRÍA (Ruta Dorada),HEMATO 3 PISO,RETIRADO,"ICU_MEDICAL_LIST, INV_2025"
18448737,18448737.0,BOMBA DE INFUSIÓN,ICU MEDICAL,PLUM A+,HOSPITALIZACIÓN ADULTOS EXPANSIÓN,HEMATO 2 PISO,RETIRADO,"ICU_MEDICAL_LIST, INV_2025"
18448976,,BOMBA DE INFUSIÓN,ICU MEDICAL,PLUM A+,,PEDIATRIA SALAS,RETIRADO,ICU_MEDICAL_LIST
18449049,,BOMBA DE INFUSIÓN,ICU MEDICAL,PLUM A+,,URGENCIAS PASILLO,RETIRADO,ICU_MEDICAL_LIST
18459988,18459988.0,BOMBA DE INFUSIÓN,ICU MEDICAL,PLUM A+,HOSPITALIZACIÓN PEDIATRÍA (Ruta Dorada),HEMATO 3 PISO,RETIRADO,"ICU_MEDICAL_LIST, INV_2025"
18460129,,BOMBA DE INFUSIÓN,ICU MEDICAL,PLUM A+,,URGENCIAS PEDIATRIA,RETIRADO,ICU_MEDICAL_LIST
18460180,,BOMBA DE INFUSIÓN,ICU MEDICAL,PLUM A+,,UCI ADULTOS,RETIRADO,ICU_MEDICAL_LIST
18460566,,BOMBA DE INFUSIÓN,ICU MEDICAL,PLUM A+,,HOSPITALIZACIÓN 4 PISO (M.I),RETIRADO,ICU_MEDICAL_LIST
18461922,,BOMBA DE INFUSIÓN,ICU MEDICAL,PLUM A+,,HOSPITALIZACIÓN 4 PISO (M.I),RETIRADO,ICU_MEDICAL_LIST
18462104,,BOMBA DE INFUSIÓN,ICU MEDICAL,PLUM A+,,HOSPITALIZACIÓN 4 PISO (M.I),RETIRADO,ICU_MEDICAL_LIST
18462122,,BOMBA DE INFUSIÓN,ICU MEDICAL,PLUM A+,,URGENCIAS HOMBRES,RETIRADO,ICU_MEDICAL_LIST
18462744,18462744.0,BOMBA DE INFUSIÓN,ICU MEDICAL,PLUM A+,HOSPITALIZACIÓN PEDIATRÍA (Ruta Dorada),HEMATO 3 PISO,RETIRADO,"ICU_MEDICAL_LIST, INV_2025"
18462912,18462912.0,BOMBA DE INFUSIÓN,ICU MEDICAL,PLUM A+,HOSPITALIZACIÓN PEDIATRÍA (Ruta Dorada),HEMATO 2 PISO,RETIRADO,"ICU_MEDICAL_LIST, INV_2025"
18462959,18462959.0,BOMBA DE INFUSIÓN,ICU MEDICAL,PLUM A+,BLOQUE QUIRÚRGICO,HOSPITALIZACIÓN CIRUGIA,HOSPITALIZACIÓN ADULTOS PISO 4,"BOMBAS_2026_PENDIENTES, ICU_MEDICAL_LIST, INV_2025"
18462980,,BOMBA DE INFUSIÓN,ICU MEDICAL,PLM A+ SPANISH,,FALTA POR UBICAR,,ICU_MEDICAL_LIST
18463231,18463231.0,BOMBA DE INFUSIÓN,ICU MEDICAL,PLUM A+,HOSPITALIZACIÓN PEDIATRÍA (Ruta Dorada),HEMATO 2 PISO,RETIRADO,"ICU_MEDICAL_LIST, INV_2025"
18463407,,BOMBA DE INFUSIÓN,ICU MEDICAL,PLUM A+,,URGENCIAS MUJERES,RETIRADO,ICU_MEDICAL_LIST
18466759,18466759.0,BOMBA DE INFUSIÓN,ICU MEDICAL,PLUM A+,HOSPITALIZACIÓN PEDIATRÍA (Ruta Dorada),HEMATO 3 PISO,RETIRADO,"ICU_MEDICAL_LIST, INV_2025"
18467352,,BOMBA DE INFUSIÓN,ICU MEDICAL,PLUM A+,,HOSPITALIZACIÓN 4 PISO (M.I),RETIRADO,ICU_MEDICAL_LIST
21390071,21390071.0,BOMBA DE INFUSIÓN,ICU MEDICAL,PLUM A+,HOSPITALIZACIÓN ADULTOS EXPANSIÓN,H.EXPANSION ADULTOS 3 PISO,,INV_2025
21395660,,BOMBA DE INFUSIÓN,ICU MEDICAL,PLUM A+,,URGENCIAS HOMBRES,,"BOMBAS_2026_MAIN, ICU_MEDICAL_LIST"
21396534,21396534.0,BOMBA DE INFUSIÓN,ICU MEDICAL,PLUM A+,HOSPITALIZACIÓN ADULTOS EXPANSIÓN,HOSPITALIZACIÓN CIRUGIA,URGENCIAS PEDIATRÍA,"BOMBAS_2026_MAIN, ICU_MEDICAL_LIST, INV_2025"
21396643,,BOMBA DE INFUSIÓN,ICU MEDICAL,PLUM A+,,UCI ADULTOS,RETIRADO,ICU_MEDICAL_LIST
21396678,,BOMBA DE INFUSIÓN,ICU MEDICAL,PLUM A+,,UCI ADULTOS,HOSPITALIZACIÓN CIRUGÍA,"BOMBAS_2026_MAIN, ICU_MEDICAL_LIST"
21396712,,BOMBA DE INFUSIÓN,ICU MEDICAL,PLUM A+,,UCI ADULTOS,HOSPITALIZACIÓN CIRUGÍA,"BOMBAS_2026_PENDIENTES, ICU_MEDICAL_LIST"
21396718,,BOMBA DE INFUSIÓN,ICU MEDICAL,PLUM A+ ,,PEDIATRIA SALAS,URGENCIAS ADULTOS,"BOMBAS_2026_MAIN, ICU_MEDICAL_LIST"
21396761,,BOMBA DE INFUSIÓN,ICU MEDICAL,PLUM A+,,PEDIATRIA SALAS,URGENCIAS PEDIATRÍA,"BOMBAS_2026_MAIN, ICU_MEDICAL_LIST"
21396936,,BOMBA DE INFUSIÓN,ICU MEDICAL,PLUM A+,,UCI ADULTOS,RETIRADO,ICU_MEDICAL_LIST
21397089,,BOMBA DE INFUSIÓN,ICU MEDICAL,PLUM A+,,HOSPITALIZACIÓN CIRUGIA,HOSPITALIZACIÓN PEDIÁTRICA,"BOMBAS_2026_MAIN, ICU_MEDICAL_LIST"
21397112,,BOMBA DE INFUSIÓN,ICU MEDICAL,PLUM A+ ,,UCO,URGENCIAS ADULTOS,"BOMBAS_2026_MAIN, ICU_MEDICAL_LIST"
21397113,21397113.0,BOMBA DE INFUSIÓN,ICU MEDICAL,PLUM A+,BLOQUE QUIRÚRGICO,PEDIATRIA SALAS,HOSPITALIZACIÓN CIRUGÍA,"BOMBAS_2026_PENDIENTES, ICU_MEDICAL_LIST, INV_2025"
21397138,,BOMBA DE INFUSIÓN,ICU MEDICAL,PLUM A+,,UCI ADULTOS,HOSPITALIZACIÓN ADULTOS PISO 4,"BOMBAS_2026_MAIN, ICU_MEDICAL_LIST"
21397164,,BOMBA DE INFUSIÓN,ICU MEDICAL,PLUM A+,,URGENCIAS HOMBRES,,"BOMBAS_2026_MAIN, ICU_MEDICAL_LIST"
21397173,,BOMBA DE INFUSIÓN,ICU MEDICAL,PLUM A+,,URGENCIAS HOMBRES,,"BOMBAS_2026_PENDIENTES, ICU_MEDICAL_LIST"
21397191,,BOMBA DE INFUSIÓN,ICU MEDICAL,PLUM A+,,UCI ADULTOS,RETIRADO,ICU_MEDICAL_LIST
21397195,,BOMBA DE INFUSIÓN,ICU MEDICAL,PLUM A+,,UCI ADULTOS,,"BOMBAS_2026_MAIN, ICU_MEDICAL_LIST"
21397201,21397201.0,BOMBA DE INFUSIÓN,ICU MEDICAL,PLUM A+,HOSPITALIZACIÓN ADULTOS 5° PISO,HOSPITALIZACIÓN CIRUGIA,,"BOMBAS_2026_MAIN, ICU_MEDICAL_LIST, INV_2025"
21397233,,BOMBA DE INFUSIÓN,ICU MEDICAL,PLUM A+,,INTERMEDIOS ADULTOS,HOSPITALIZACIÓN CIRUGÍA,"BOMBAS_2026_MAIN, ICU_MEDICAL_LIST"
21397244,,BOMBA DE INFUSIÓN,ICU MEDICAL,PLUM A+,,INTERMEDIOS ADULTOS,,"BOMBAS_2026_MAIN, ICU_MEDICAL_LIST"
21397246,,BOMBA DE INFUSIÓN,ICU MEDICAL,PLUM A+,,UCI ADULTOS,HOSPITALIZACIÓN ADULTOS PISO 4,"BOMBAS_2026_PENDIENTES, ICU_MEDICAL_LIST"
21397252,,BOMBA DE INFUSIÓN,ICU MEDICAL,PLUM A+ ,,URGENCIAS MUJERES,URGENCIAS PEDIATRÍA,"BOMBAS_2026_MAIN, ICU_MEDICAL_LIST"
21397255,,BOMBA DE INFUSIÓN,ICU MEDICAL,PLUM A+,,UCI ADULTOS,HOSPITALIZACIÓN ADULTOS PISO 4,ICU_MEDICAL_LIST
21397286,,BOMBA DE INFUSIÓN,ICU MEDICAL,PLUM A+,,INTERMEDIOS ADULTOS,HOSPITALIZACIÓN ADULTOS PISO 4,"BOMBAS_2026_MAIN, ICU_MEDICAL_LIST"
21397311,,BOMBA DE INFUSIÓN,ICU MEDICAL,PLUM A+,,UCI ADULTOS,HOSPITALIZACIÓN ADULTOS PISO 4,"BOMBAS_2026_MAIN, ICU_MEDICAL_LIST"
21397313,,BOMBA DE INFUSIÓN,ICU MEDICAL,PLUM A+,,UCI ADULTOS,RETIRADO,ICU_MEDICAL_LIST
21397322,,BOMBA DE INFUSIÓN,ICU MEDICAL,PLUM A+ ,,FALTA POR UBICAR,,"BOMBAS_2026_MAIN, ICU_MEDICAL_LIST"
21397335,,BOMBA DE INFUSIÓN,ICU MEDICAL,PLUM A+ ,,UCI ADULTOS,URGENCIAS PEDIATRÍA,"BOMBAS_2026_MAIN, ICU_MEDICAL_LIST"
21397339,21397339.0,BOMBA DE INFUSIÓN,ICU MEDICAL,PLUM A+,HOSPITALIZACIÓN ADULTOS 5° PISO,HOSPITALIZACIÓN CIRUGIA,HOSPITALIZACIÓN ADULTOS PISO 5,"BOMBAS_2026_PENDIENTES, ICU_MEDICAL_LIST, INV_2025"
21397340,21397340.0,BOMBA DE INFUSIÓN,ICU MEDICAL,PLUM A+,HOSPITALIZACIÓN ADULTOS 5° PISO,HOSPITALIZACIÓN 4 PISO (M.I),HOSPITALIZACIÓN PEDIÁTRICA,"ICU_MEDICAL_LIST, INV_2025"
21397344,21397344.0,BOMBA DE INFUSIÓN,ICU MEDICAL,PLUM A+,HOSPITALIZACIÓN QUIRÚRGICAS,HOSPITALIZACIÓN 4 PISO (M.I),,"BOMBAS_2026_MAIN, ICU_MEDICAL_LIST, INV_2025"
21397345,21397345.0,BOMBA DE INFUSIÓN,ICU MEDICAL,PLUM A+,HOSPITALIZACIÓN GINECO-OBSTETRICIA,CIRUGIA,URGENCIAS PEDIATRÍA,"BOMBAS_2026_MAIN, ICU_MEDICAL_LIST, INV_2025"
21397346,21397346.0,BOMBA DE INFUSIÓN,ICU MEDICAL,PLUM A+,HOSPITALIZACIÓN GINECO-OBSTETRICIA,CIRUGIA,HOSPITALIZACIÓN ADULTOS EXPANSIÓN,"ICU_MEDICAL_LIST, INV_2025"
21397349,,BOMBA DE INFUSIÓN,ICU MEDICAL,PLUM A+,,UCO,RETIRADO,ICU_MEDICAL_LIST
21397350,,BOMBA DE INFUSIÓN,ICU MEDICAL,PLUM A+,,INTERMEDIOS ADULTOS,HOSPITALIZACIÓN PEDIÁTRICA,"BOMBAS_2026_MAIN, ICU_MEDICAL_LIST"
21397353,,BOMBA DE INFUSIÓN,ICU MEDICAL,PLUM A+ ,,UCI ADULTOS,URGENCIAS ADULTOS,"BOMBAS_2026_MAIN, ICU_MEDICAL_LIST"
21397357,,BOMBA DE INFUSIÓN,ICU MEDICAL,PLUM A+ ,,UCO,URGENCIAS ADULTOS,"BOMBAS_2026_MAIN, ICU_MEDICAL_LIST"
21397359,,BOMBA DE INFUSIÓN,ICU MEDICAL,PLUM A+,,PEDIATRIA SALAS,URGENCIAS PEDIATRÍA,"BOMBAS_2026_MAIN, ICU_MEDICAL_LIST"
21397362,21397362.0,BOMBA DE INFUSIÓN,ICU MEDICAL,PLUM A+,HOSPITALIZACIÓN ADULTOS 4° PISO,UCO,HOSPITALIZACIÓN ADULTOS PISO 4,"BOMBAS_2026_PENDIENTES, ICU_MEDICAL_LIST, INV_2025"
21397364,,BOMBA DE INFUSIÓN,ICU MEDICAL,PLUM A+,,URGENCIAS,RETIRADO,ICU_MEDICAL_LIST
21397366,21397366.0,BOMBA DE INFUSIÓN,ICU MEDICAL,PLUM A+,BLOQUE QUIRÚRGICO,UCI PEDIATRICA,RETIRADO,"ICU_MEDICAL_LIST, INV_2025"
21397367,,BOMBA DE INFUSIÓN,ICU MEDICAL,PLUM A+,,UCO,HOSPITALIZACIÓN ADULTOS EXPANSIÓN,"BOMBAS_2026_MAIN, ICU_MEDICAL_LIST"
21397368,,BOMBA DE INFUSIÓN,ICU MEDICAL,PLUM A+,,HEMATO PEDIATRIA,HOSPITALIZACIÓN PEDIÁTRICA,"BOMBAS_2026_MAIN, ICU_MEDICAL_LIST"
21397380,21397380.0,BOMBA DE INFUSIÓN,ICU MEDICAL,PLUM A+,HOSPITALIZACIÓN ADULTOS 5° PISO,HOSPITALIZACIÓN CIRUGIA,HOSPITALIZACIÓN ADULTOS PISO 5,"BOMBAS_2026_MAIN, ICU_MEDICAL_LIST, INV_2025"
21397386,,BOMBA DE INFUSIÓN,ICU MEDICAL,PLUM A+,,INTERMEDIOS ADULTOS,HOSPITALIZACIÓN ADULTOS PISO 5,ICU_MEDICAL_LIST
21397387,,BOMBA DE INFUSIÓN,ICU MEDICAL,PLUM A+,,UCO,UCO,"BOMBAS_2026_PENDIENTES, ICU_MEDICAL_LIST"
21397389,,BOMBA DE INFUSIÓN,ICU MEDICAL,PLUM A+,,UCI ADULTOS,HOSPITALIZACIÓN ADULTOS PISO 5,"BOMBAS_2026_MAIN, ICU_MEDICAL_LIST"
21397390,,BOMBA DE INFUSIÓN,ICU MEDICAL,PLUM A+ ,,PEDIATRIA SALAS,URGENCIAS ADULTOS,"BOMBAS_2026_MAIN, ICU_MEDICAL_LIST"
21397391,,BOMBA DE INFUSIÓN,ICU MEDICAL,PLUM A+ ,,UCI ADULTOS,URGENCIAS PEDIATRÍA,"BOMBAS_2026_PENDIENTES, ICU_MEDICAL_LIST"
21397394,,BOMBA DE INFUSIÓN,ICU MEDICAL,PLUM A+,,HOSPITALIZACIÓN 4 PISO (M.I),HOSPITALIZACIÓN ADULTOS PISO 4,"BOMBAS_2026_MAIN, ICU_MEDICAL_LIST"
21397398,,BOMBA DE INFUSIÓN,ICU MEDICAL,PLUM A+ ,,UCI NEO,URGENCIAS ADULTOS,"BOMBAS_2026_MAIN, ICU_MEDICAL_LIST"
21397403,,BOMBA DE INFUSIÓN,ICU MEDICAL,PLUM A+ ,,URGENCIAS HOMBRES,URGENCIAS ADULTOS,"BOMBAS_2026_MAIN, ICU_MEDICAL_LIST"
21397404,21397404.0,BOMBA DE INFUSIÓN,ICU MEDICAL,PLUM A+,HOSPITALIZACIÓN ADULTOS 5° PISO,HOSPITALIZACIÓN CIRUGIA,HOSPITALIZACIÓN ADULTOS PISO 5,"BOMBAS_2026_MAIN, ICU_MEDICAL_LIST, INV_2025"
21397406,21397406.0,BOMBA DE INFUSIÓN,ICU MEDICAL,PLUM A+,HOSPITALIZACIÓN ADULTOS 5° PISO,HOSPITALIZACIÓN 4 PISO (M.I),HOSPITALIZACIÓN ADULTOS PISO 4,"ICU_MEDICAL_LIST, INV_2025"
21397407,,BOMBA DE INFUSIÓN,ICU MEDICAL,PLUM A+,,HOSPITALIZACIÓN CIRUGIA,HOSPITALIZACIÓN ADULTOS EXPANSIÓN,"BOMBAS_2026_MAIN, ICU_MEDICAL_LIST"
21397408,21397408.0,BOMBA DE INFUSIÓN,ICU MEDICAL,PLUM A+,CARDIOLOGÍA,UCI ADULTOS,HOSPITALIZACIÓN PEDIÁTRICA,"BOMBAS_2026_MAIN, ICU_MEDICAL_LIST, INV_2025"
21397410,,BOMBA DE INFUSIÓN,ICU MEDICAL,PLUM A+,,UCI ADULTOS,HOSPITALIZACIÓN CIRUGÍA,"BOMBAS_2026_MAIN, ICU_MEDICAL_LIST"
21397411,,BOMBA DE INFUSIÓN,ICU MEDICAL,PLUM A+,,UCI ADULTOS,HOSPITALIZACIÓN CIRUGÍA,"BOMBAS_2026_MAIN, ICU_MEDICAL_LIST"
21397412,,BOMBA DE INFUSIÓN,ICU MEDICAL,PLUM A+,,UCO,,"BOMBAS_2026_MAIN, ICU_MEDICAL_LIST"
21397414,,BOMBA DE INFUSIÓN,ICU MEDICAL,PLUM A+,,UCI ADULTOS,,"BOMBAS_2026_MAIN, ICU_MEDICAL_LIST"
21397415,21397415.0,BOMBA DE INFUSIÓN,ICU MEDICAL,PLUM A+,HOSPITALIZACIÓN ADULTOS 5° PISO,HOSPITALIZACIÓN CIRUGIA,HOSPITALIZACIÓN PEDIÁTRICA,"BOMBAS_2026_PENDIENTES, ICU_MEDICAL_LIST, INV_2025"
21397416,21397416.0,BOMBA DE INFUSIÓN,ICU MEDICAL,PLUM A+ ,HOSPITALIZACIÓN ADULTOS EXPANSIÓN,HEMATO 2 PISO,URGENCIAS ADULTOS,"BOMBAS_2026_MAIN, ICU_MEDICAL_LIST, INV_2025"
21397419,21397419.0,BOMBA DE INFUSIÓN,ICU MEDICAL,PLUM A+,HOSPITALIZACIÓN PEDIATRÍA (Ruta Dorada),HEMATO 2 PISO,HOSPITALIZACIÓN ADULTOS EXPANSIÓN,"BOMBAS_2026_MAIN, ICU_MEDICAL_LIST, INV_2025"
21397422,21397422.0,BOMBA DE INFUSIÓN,ICU MEDICAL,PLUM A+,HOSPITALIZACIÓN ADULTOS 5° PISO,HOSPITALIZACIÓN CIRUGIA,,"BOMBAS_2026_MAIN, ICU_MEDICAL_LIST, INV_2025"
21397424,,BOMBA DE INFUSIÓN,ICU MEDICAL,PLUM A+,,UCI ADULTOS,,"BOMBAS_2026_MAIN, ICU_MEDICAL_LIST"
21397427,,BOMBA DE INFUSIÓN,ICU MEDICAL,PLUM A+ ,,HOSPITALIZACIÓN CIRUGIA,URGENCIAS ADULTOS,"BOMBAS_2026_MAIN, ICU_MEDICAL_LIST"
21397429,,BOMBA DE INFUSIÓN,ICU MEDICAL,PLUM A+,,INTERMEDIOS PEDIATRIA,,"BOMBAS_2026_MAIN, ICU_MEDICAL_LIST"
21397431,21397431.0,BOMBA DE INFUSIÓN,ICU MEDICAL,PLUM A+,HOSPITALIZACIÓN PEDIATRÍA (Ruta Dorada),HEMATO 3 PISO,HOSPITALIZACIÓN 4 PISO (M.I),"BOMBAS_2026_PENDIENTES, ICU_MEDICAL_LIST, INV_2025"
21397456,,BOMBA DE INFUSIÓN,ICU MEDICAL,PLUM A+,,HOSPITALIZACIÓN 4 PISO (M.I),,"BOMBAS_2026_MAIN, ICU_MEDICAL_LIST"
21397458,,BOMBA DE INFUSIÓN,ICU MEDICAL,PLUM A+,,URGENCIAS HOMBRES,,"BOMBAS_2026_MAIN, ICU_MEDICAL_LIST"
21397465,,BOMBA DE INFUSIÓN,ICU MEDICAL,PLUM A+,,INTERMEDIOS ADULTOS,HOSPITALIZACIÓN ADULTOS PISO 5,"BOMBAS_2026_MAIN, ICU_MEDICAL_LIST"
21397466,,BOMBA DE INFUSIÓN,ICU MEDICAL,PLUM A+ ,,UCI NEO,URGENCIAS ADULTOS,"BOMBAS_2026_MAIN, ICU_MEDICAL_LIST"
21397473,,BOMBA DE INFUSIÓN,ICU MEDICAL,PLUM A+,,URGENCIAS PEDIATRIA,,"BOMBAS_2026_MAIN, ICU_MEDICAL_LIST"
21397477,,BOMBA DE INFUSIÓN,ICU MEDICAL,PLUM A+,,INTERMEDIOS ADULTOS,,"BOMBAS_2026_PENDIENTES, ICU_MEDICAL_LIST"
21397496,,BOMBA DE INFUSIÓN,ICU MEDICAL,PLUM A+,,URGENCIAS PEDIATRIA,HOSPITALIZACIÓN ADULTOS EXPANSIÓN,"BOMBAS_2026_MAIN, ICU_MEDICAL_LIST"
21397497,,BOMBA DE INFUSIÓN,ICU MEDICAL,PLUM A+ ,,CIRUGIA,URGENCIAS ADULTOS,"BOMBAS_2026_MAIN, ICU_MEDICAL_LIST"
21397501,,BOMBA DE INFUSIÓN,ICU MEDICAL,PLUM A+ ,,URGENCIAS MUJERES,URGENCIAS PEDIATRÍA,"BOMBAS_2026_MAIN, ICU_MEDICAL_LIST"
21397505,21397505.0,BOMBA DE INFUSIÓN,ICU MEDICAL,PLUM A+,HOSPITALIZACIÓN ADULTOS 5° PISO,URGENCIAS PEDIATRIA,,"BOMBAS_2026_MAIN, ICU_MEDICAL_LIST, INV_2025"
21397512,,BOMBA DE INFUSIÓN,ICU MEDICAL,PLUM A+ ,,FALTA POR UBICAR,URGENCIAS PEDIATRÍA,"BOMBAS_2026_MAIN, ICU_MEDICAL_LIST"
21397525,,BOMBA DE INFUSIÓN,ICU MEDICAL,PLUM A+,,CIRUGIA,HOSPITALIZACIÓN CIRUGÍA,"BOMBAS_2026_MAIN, ICU_MEDICAL_LIST"
21397530,,BOMBA DE INFUSIÓN,ICU MEDICAL,PLUM A+,,URGENCIAS HOMBRES,RETIRADO,ICU_MEDICAL_LIST
21397532,21397532.0,BOMBA DE INFUSIÓN,ICU MEDICAL,PLUM A+,HOSPITALIZACIÓN ADULTOS 5° PISO,HOSPITALIZACIÓN 4 PISO (M.I),HOSPITALIZACIÓN ADULTOS PISO 4,"BOMBAS_2026_PENDIENTES, ICU_MEDICAL_LIST, INV_2025"
21397538,,BOMBA DE INFUSIÓN,ICU MEDICAL,PLUM A+ ,,UCI ADULTOS,URGENCIAS ADULTOS,"BOMBAS_2026_MAIN, ICU_MEDICAL_LIST"
21397539,,BOMBA DE INFUSIÓN,ICU MEDICAL,PLUM A+ ,,UCI ADULTOS,URGENCIAS PEDIATRÍA,"BOMBAS_2026_MAIN, ICU_MEDICAL_LIST"
21397550,,BOMBA DE INFUSIÓN,ICU MEDICAL,PLUM A+,,URGENCIAS HOMBRES,,"BOMBAS_2026_MAIN, ICU_MEDICAL_LIST"
21397552,,BOMBA DE INFUSIÓN,ICU MEDICAL,PLUM A+,,HOSPITALIZACIÓN 4 PISO (M.I),,"BOMBAS_2026_MAIN, ICU_MEDICAL_LIST"
21397554,,BOMBA DE INFUSIÓN,ICU MEDICAL,PLUM A+,,HOSPITALIZACIÓN CIRUGIA,RETIRADO,ICU_MEDICAL_LIST
21397556,,BOMBA DE INFUSIÓN,ICU MEDICAL,PLUM A+ ,,UCI ADULTOS,URGENCIAS ADULTOS,"BOMBAS_2026_MAIN, ICU_MEDICAL_LIST"
21397557,,BOMBA DE INFUSIÓN,ICU MEDICAL,PLUM A+,,UCI ADULTOS,HOSPITALIZACIÓN ADULTOS PISO 4,"BOMBAS_2026_PENDIENTES, ICU_MEDICAL_LIST"
21397559,,BOMBA DE INFUSIÓN,ICU MEDICAL,PLUM A+,,UCI ADULTOS,HOSPITALIZACIÓN ADULTOS PISO 4,"BOMBAS_2026_PENDIENTES, ICU_MEDICAL_LIST"
21397560,,BOMBA DE INFUSIÓN,ICU MEDICAL,PLUM A+,,GINECO,HOSPITALIZACIÓN CIRUGÍA,"BOMBAS_2026_MAIN, ICU_MEDICAL_LIST"
21397562,,BOMBA DE INFUSIÓN,ICU MEDICAL,PLUM A+,,UCI ADULTOS,HOSPITALIZACIÓN CIRUGÍA,"BOMBAS_2026_MAIN, ICU_MEDICAL_LIST"
21397566,,BOMBA DE INFUSIÓN,ICU MEDICAL,PLUM A+,,INTERMEDIOS ADULTOS,,"BOMBAS_2026_PENDIENTES, ICU_MEDICAL_LIST"
21397570,,BOMBA DE INFUSIÓN,ICU MEDICAL,PLUM A+ ,,FALTA POR UBICAR,URGENCIAS ADULTOS,"BOMBAS_2026_MAIN, ICU_MEDICAL_LIST"
21397576,21397576.0,BOMBA DE INFUSIÓN,ICU MEDICAL,PLUM A+,HOSPITALIZACIÓN GINECO-OBSTETRICIA,URGENCIAS HOMBRES,,"BOMBAS_2026_MAIN, ICU_MEDICAL_LIST, INV_2025"
21397579,,BOMBA DE INFUSIÓN,ICU MEDICAL,PLUM A+ ,,URGENCIAS PEDIATRIA,URGENCIAS PEDIATRÍA,"BOMBAS_2026_MAIN, ICU_MEDICAL_LIST"
21397580,,BOMBA DE INFUSIÓN,ICU MEDICAL,PLUM A+ ,,UCI ADULTOS,URGENCIAS PEDIATRÍA,"BOMBAS_2026_PENDIENTES, ICU_MEDICAL_LIST"
21397588,,BOMBA DE INFUSIÓN,ICU MEDICAL,PLUM A+ ,,URGENCIAS MUJERES,URGENCIAS ADULTOS,"BOMBAS_2026_MAIN, ICU_MEDICAL_LIST"
21397591,,BOMBA DE INFUSIÓN,ICU MEDICAL,PLUM A+,,HEMATO PEDIATRIA,GINECOBSTETRICIA,"BOMBAS_2026_MAIN, ICU_MEDICAL_LIST"
21397594,,BOMBA DE INFUSIÓN,ICU MEDICAL,PLUM A+,,UCO,URGENCIAS PEDIATRÍA,"BOMBAS_2026_MAIN, ICU_MEDICAL_LIST"
21397596,,BOMBA DE INFUSIÓN,ICU MEDICAL,PLUM A+,,UCO,URGENCIAS PEDIATRÍA,"BOMBAS_2026_MAIN, ICU_MEDICAL_LIST"
21397597,21397597.0,BOMBA DE INFUSIÓN,ICU MEDICAL,PLUM A+,BLOQUE QUIRÚRGICO,UCI ADULTOS,HOSPITALIZACIÓN CIRUGÍA,"BOMBAS_2026_MAIN, ICU_MEDICAL_LIST, INV_2025"
21397598,,BOMBA DE INFUSIÓN,ICU MEDICAL,PLUM A+,,UCI ADULTOS,HOSPITALIZACIÓN CIRUGÍA,"BOMBAS_2026_MAIN, ICU_MEDICAL_LIST"
21397602,,BOMBA DE INFUSIÓN,ICU MEDICAL,PLUM A+,,URGENCIAS HOMBRES,,"BOMBAS_2026_MAIN, ICU_MEDICAL_LIST"
21397603,,BOMBA DE INFUSIÓN,ICU MEDICAL,PLUM A+,,HOSPITALIZACIÓN 4 PISO (M.I),HOSPITALIZACIÓN ADULTOS EXPANSIÓN,"BOMBAS_2026_MAIN, ICU_MEDICAL_LIST"
21397604,21397604.0,BOMBA DE INFUSIÓN,ICU MEDICAL,PLUM A+ ,HOSPITALIZACIÓN ADULTOS 5° PISO,HOSPITALIZACIÓN 5 PISO,URGENCIAS PEDIATRÍA,"BOMBAS_2026_MAIN, ICU_MEDICAL_LIST, INV_2025"
21397626,,BOMBA DE INFUSIÓN,ICU MEDICAL,PLUM A+,,URGENCIAS,HOSPITALIZACIÓN ADULTOS PISO 4,"BOMBAS_2026_MAIN, ICU_MEDICAL_LIST"
21397631,21397631.0,BOMBA DE INFUSIÓN,ICU MEDICAL,PLUM A+ ,IMÁGENES DIAGNOSTICAS,IMÁGENES DIAGNÓSTICAS,URGENCIAS PEDIATRÍA,"BOMBAS_2026_MAIN, ICU_MEDICAL_LIST, INV_2025"
21397635,,BOMBA DE INFUSIÓN,ICU MEDICAL,PLUM A+,,UCI ADULTOS,HOSPITALIZACIÓN CIRUGÍA,"BOMBAS_2026_PENDIENTES, ICU_MEDICAL_LIST"
21397637,,BOMBA DE INFUSIÓN,ICU MEDICAL,PLUM A+ ,,URGENCIAS MUJERES,URGENCIAS ADULTOS,"BOMBAS_2026_PENDIENTES, ICU_MEDICAL_LIST"
21397645,21397645.0,BOMBA DE INFUSIÓN,ICU MEDICAL,PLUM A+ ,HOSPITALIZACIÓN QUIRÚRGICAS,HOSPITALIZACIÓN CIRUGIA,URGENCIAS ADULTOS,"BOMBAS_2026_MAIN, ICU_MEDICAL_LIST, INV_2025"
21397649,,BOMBA DE INFUSIÓN,ICU MEDICAL,PLUM A+,,URGENCIAS MUJERES,HOSPITALIZACIÓN CIRUGÍA,"BOMBAS_2026_PENDIENTES, ICU_MEDICAL_LIST"
21397654,,BOMBA DE INFUSIÓN,ICU MEDICAL,PLUM A+,,PEDIATRIA SALAS,HOSPITALIZACIÓN PEDIÁTRICA,"BOMBAS_2026_MAIN, ICU_MEDICAL_LIST"
21397657,,BOMBA DE INFUSIÓN,ICU MEDICAL,PLUM A+,,UCI ADULTOS,,"BOMBAS_2026_MAIN, ICU_MEDICAL_LIST"
21397661,21397661.0,BOMBA DE INFUSIÓN,ICU MEDICAL,PLUM A+,HOSPITALIZACIÓN GINECO-OBSTETRICIA,HOSPITALIZACIÓN CIRUGIA,HOSPITALIZACIÓN CIRUGÍA,"BOMBAS_2026_MAIN, ICU_MEDICAL_LIST, INV_2025"
21397666,,BOMBA DE INFUSIÓN,ICU MEDICAL,PLUM A+,,UCI ADULTOS,RETIRADO,ICU_MEDICAL_LIST
21397667,,BOMBA DE INFUSIÓN,ICU MEDICAL,PLUM A+,,PEDIATRIA SALAS,,"BOMBAS_2026_MAIN, ICU_MEDICAL_LIST"
21397670,,BOMBA DE INFUSIÓN,ICU MEDICAL,PLUM A+,,UCO,URGENCIAS PEDIATRÍA,"BOMBAS_2026_MAIN, ICU_MEDICAL_LIST"
21397671,21397671.0,BOMBA DE INFUSIÓN,ICU MEDICAL,PLUM A+ ,HOSPITALIZACIÓN ADULTOS 5° PISO,HOSPITALIZACIÓN CIRUGIA,URGENCIAS PEDIATRÍA,"BOMBAS_2026_MAIN, ICU_MEDICAL_LIST, INV_2025"
21397673,,BOMBA DE INFUSIÓN,ICU MEDICAL,PLUM A+ ,,FALTA POR UBICAR,URGENCIAS ADULTOS,"BOMBAS_2026_MAIN, ICU_MEDICAL_LIST"
21397677,,BOMBA DE INFUSIÓN,ICU MEDICAL,PLUM A+,,UCI ADULTOS,RETIRADO,ICU_MEDICAL_LIST
21397679,,BOMBA DE INFUSIÓN,ICU MEDICAL,PLUM A+,,INTERMEDIOS ADULTOS,GINECOBSTETRICIA,"BOMBAS_2026_PENDIENTES, ICU_MEDICAL_LIST"
21397846,,BOMBA DE INFUSIÓN,ICU MEDICAL,PLUM A+ ,,UCI ADULTOS,URGENCIAS ADULTOS,"BOMBAS_2026_MAIN, ICU_MEDICAL_LIST"
21397851,,BOMBA DE INFUSIÓN,ICU MEDICAL,PLUM A+,,CARDIOLOGIA,,"BOMBAS_2026_MAIN, ICU_MEDICAL_LIST"
21397853,,BOMBA DE INFUSIÓN,ICU MEDICAL,PLUM A+,,HOSPITALIZACIÓN 4 PISO (M.I),,"BOMBAS_2026_MAIN, ICU_MEDICAL_LIST"
21397856,,BOMBA DE INFUSIÓN,ICU MEDICAL,PLUM A+ ,,FALTA POR UBICAR,URGENCIAS ADULTOS,"BOMBAS_2026_MAIN, ICU_MEDICAL_LIST"
21397858,,BOMBA DE INFUSIÓN,ICU MEDICAL,PLUM A+ ,,URGENCIAS MUJERES,URGENCIAS PEDIATRÍA,"BOMBAS_2026_MAIN, ICU_MEDICAL_LIST"
21397860,21397860.0,BOMBA DE INFUSIÓN,ICU MEDICAL,PLUM A+,HOSPITALIZACIÓN ADULTOS 5° PISO,HOSPITALIZACIÓN 4 PISO (M.I),RETIRADO,"ICU_MEDICAL_LIST, INV_2025"
21397861,,BOMBA DE INFUSIÓN,ICU MEDICAL,PLUM A+,,UCI ADULTOS,HOSPITALIZACIÓN ADULTOS PISO 4,"BOMBAS_2026_PENDIENTES, ICU_MEDICAL_LIST"
21397864,,BOMBA DE INFUSIÓN,ICU MEDICAL,PLUM A+,,HOSPITALIZACIÓN 4 PISO (M.I),HOSPITALIZACIÓN ADULTOS PISO 5,"BOMBAS_2026_MAIN, ICU_MEDICAL_LIST"
21397868,,BOMBA DE INFUSIÓN,ICU MEDICAL,PLUM A+ ,,FALTA POR UBICAR,,ICU_MEDICAL_LIST
21397870,,BOMBA DE INFUSIÓN,ICU MEDICAL,PLUM A+,,INTERMEDIOS ADULTOS,HOSPITALIZACIÓN CIRUGÍA,"BOMBAS_2026_MAIN, ICU_MEDICAL_LIST"
21397872,,BOMBA DE INFUSIÓN,ICU MEDICAL,PLUM A+,,URGENCIAS,HOSPITALIZACIÓN ADULTOS EXPANSIÓN,"BOMBAS_2026_MAIN, ICU_MEDICAL_LIST"
21397874,,BOMBA DE INFUSIÓN,ICU MEDICAL,PLUM A+ ,,URGENCIAS TRAUMA,URGENCIAS ADULTOS,"BOMBAS_2026_MAIN, ICU_MEDICAL_LIST"
21397875,,BOMBA DE INFUSIÓN,ICU MEDICAL,PLUM A+,,UCI ADULTOS,HOSPITALIZACIÓN ADULTOS PISO 5,"BOMBAS_2026_MAIN, ICU_MEDICAL_LIST"
21397876,,BOMBA DE INFUSIÓN,ICU MEDICAL,PLUM A+,,INTERMEDIOS ADULTOS,HOSPITALIZACIÓN ADULTOS PISO 4,"BOMBAS_2026_PENDIENTES, ICU_MEDICAL_LIST"
21397877,,BOMBA DE INFUSIÓN,ICU MEDICAL,PLUM A+,,URGENCIAS HOMBRES,,"BOMBAS_2026_MAIN, ICU_MEDICAL_LIST"
21397878,,BOMBA DE INFUSIÓN,ICU MEDICAL,PLUM A+,,INTERMEDIOS ADULTOS,RETIRADO,ICU_MEDICAL_LIST
21397881,21397881.0,BOMBA DE INFUSIÓN,ICU MEDICAL,PLUM A+,BLOQUE QUIRÚRGICO,UCI ADULTOS,URGENCIAS PEDIATRÍA,"BOMBAS_2026_MAIN, ICU_MEDICAL_LIST, INV_2025"
21397882,,BOMBA DE INFUSIÓN,ICU MEDICAL,PLUM A+,,HOSPITALIZACIÓN 4 PISO (M.I),,ICU_MEDICAL_LIST
21397886,,BOMBA DE INFUSIÓN,ICU MEDICAL,PLUM A+ ,,URGENCIAS HOMBRES,URGENCIAS ADULTOS,ICU_MEDICAL_LIST
21397887,21397887.0,BOMBA DE INFUSIÓN,ICU MEDICAL,PLUM A+,HOSPITALIZACIÓN GINECO-OBSTETRICIA,GINECO,,"BOMBAS_2026_MAIN, ICU_MEDICAL_LIST, INV_2025"
21397889,,BOMBA DE INFUSIÓN,ICU MEDICAL,PLUM A+,,URGENCIAS HOMBRES,,"BOMBAS_2026_PENDIENTES, ICU_MEDICAL_LIST"
21397902,21397902.0,BOMBA DE INFUSIÓN,ICU MEDICAL,PLUM A+,HOSPITALIZACIÓN GINECO-OBSTETRICIA,GINECO,HOSPITALIZACIÓN ADULTOS PISO 4,"BOMBAS_2026_PENDIENTES, ICU_MEDICAL_LIST, INV_2025"
21397908,,BOMBA DE INFUSIÓN,ICU MEDICAL,PLUM A+ ,,UCI PEDIATRICA,URGENCIAS ADULTOS,"BOMBAS_2026_MAIN, ICU_MEDICAL_LIST"
21397924,,BOMBA DE INFUSIÓN,ICU MEDICAL,PLUM A+,,INTERMEDIOS ADULTOS,HOSPITALIZACIÓN CIRUGÍA,"BOMBAS_2026_MAIN, ICU_MEDICAL_LIST"
21397929,21397929.0,BOMBA DE INFUSIÓN,ICU MEDICAL,PLUM A+ ,HOSPITALIZACIÓN PEDIATRÍA (Ruta Dorada),HEMATO 3 PISO,URGENCIAS ADULTOS,"BOMBAS_2026_MAIN, ICU_MEDICAL_LIST, INV_2025"
21397930,,BOMBA DE INFUSIÓN,ICU MEDICAL,PLUM A+ ,,FALTA POR UBICAR,HOSPITALIZACIÓN ADULTOS PISO 4,"BOMBAS_2026_MAIN, ICU_MEDICAL_LIST"
21397938,,BOMBA DE INFUSIÓN,ICU MEDICAL,PLUM A+ ,,URGENCIAS MUJERES,URGENCIAS PEDIATRÍA,"BOMBAS_2026_MAIN, ICU_MEDICAL_LIST"
21397939,,BOMBA DE INFUSIÓN,ICU MEDICAL,PLUM A+ ,,FALTA POR UBICAR,,ICU_MEDICAL_LIST
21397948,21397948.0,BOMBA DE INFUSIÓN,ICU MEDICAL,PLUM A+ ,HOSPITALIZACIÓN QUIRÚRGICAS,HOSPITALIZACIÓN 5 PISO,URGENCIAS ADULTOS,"BOMBAS_2026_MAIN, ICU_MEDICAL_LIST, INV_2025"
21397952,,BOMBA DE INFUSIÓN,ICU MEDICAL,PLUM A+ ,,FALTA POR UBICAR,URGENCIAS ADULTOS,"BOMBAS_2026_MAIN, ICU_MEDICAL_LIST"
21397954,21397954.0,BOMBA DE INFUSIÓN,ICU MEDICAL,PLUM A+,BLOQUE QUIRÚRGICO,CIRUGIA,,"BOMBAS_2026_MAIN, ICU_MEDICAL_LIST, INV_2025"
21397958,,BOMBA DE INFUSIÓN,ICU MEDICAL,PLUM A+ ,,UCI NEO,URGENCIAS ADULTOS,"BOMBAS_2026_MAIN, ICU_MEDICAL_LIST"
21397962,,BOMBA DE INFUSIÓN,ICU MEDICAL,PLUM A+,,UCI ADULTOS,HOSPITALIZACIÓN PEDIÁTRICA,"BOMBAS_2026_MAIN, ICU_MEDICAL_LIST"
21397970,,BOMBA DE INFUSIÓN,ICU MEDICAL,PLUM A+,,UCI ADULTOS,HOSPITALIZACIÓN CIRUGÍA,"BOMBAS_2026_MAIN, ICU_MEDICAL_LIST"
21397972,,BOMBA DE INFUSIÓN,ICU MEDICAL,PLUM A+ ,,URGENCIAS MUJERES,URGENCIAS PEDIATRÍA,"BOMBAS_2026_MAIN, ICU_MEDICAL_LIST"
21397982,21397982.0,BOMBA DE INFUSIÓN,ICU MEDICAL,PLUM A+ ,HOSPITALIZACIÓN ADULTOS EXPANSIÓN,HEMATO 2 PISO,URGENCIAS ADULTOS,"BOMBAS_2026_MAIN, ICU_MEDICAL_LIST, INV_2025"
21397983,,BOMBA DE INFUSIÓN,ICU MEDICAL,PLUM A+,,URGENCIAS,URGENCIAS PEDIATRÍA,"BOMBAS_2026_MAIN, ICU_MEDICAL_LIST"
21398010,21398010.0,BOMBA DE INFUSIÓN,ICU MEDICAL,PLUM A+,HOSPITALIZACIÓN PEDIATRÍA (Ruta Dorada),HEMATO 2 PISO,HOSPITALIZACIÓN ADULTOS PISO 4,"BOMBAS_2026_PENDIENTES, ICU_MEDICAL_LIST, INV_2025"
21398028,21398028.0,BOMBA DE INFUSIÓN,ICU MEDICAL,PLUM A+ ,HOSPITALIZACIÓN ADULTOS 5° PISO,HOSPITALIZACIÓN CIRUGIA,URGENCIAS ADULTOS,"BOMBAS_2026_PENDIENTES, ICU_MEDICAL_LIST, INV_2025"
21398033,,BOMBA DE INFUSIÓN,ICU MEDICAL,PLUM A+,,HOSPITALIZACIÓN 4 PISO (M.I),RETIRADO,ICU_MEDICAL_LIST
21398036,,BOMBA DE INFUSIÓN,ICU MEDICAL,PLUM A+ ,,INTERMEDIOS ADULTOS,URGENCIAS PEDIATRÍA,"BOMBAS_2026_MAIN, ICU_MEDICAL_LIST"
21398046,21398046.0,BOMBA DE INFUSIÓN,ICU MEDICAL,PLUM A+,HOSPITALIZACIÓN ADULTOS 5° PISO,INTERMEDIOS PEDIATRIA,,"BOMBAS_2026_MAIN, ICU_MEDICAL_LIST, INV_2025"
21398047,21398047.0,BOMBA DE INFUSIÓN,ICU MEDICAL,PLUM A+ ,HOSPITALIZACIÓN QUIRÚRGICAS,INTERMEDIOS ADULTOS,URGENCIAS ADULTOS,"BOMBAS_2026_MAIN, ICU_MEDICAL_LIST, INV_2025"
21398061,21398061.0,BOMBA DE INFUSIÓN,ICU MEDICAL,PLUM A+,HOSPITALIZACIÓN ADULTOS 5° PISO,HOSPITALIZACIÓN 4 PISO (M.I),HOSPITALIZACIÓN ADULTOS EXPANSIÓN,"BOMBAS_2026_MAIN, ICU_MEDICAL_LIST, INV_2025"
21398062,21398062.0,BOMBA DE INFUSIÓN,ICU MEDICAL,PLUM A+,HOSPITALIZACIÓN ADULTOS EXPANSIÓN,HEMATO 3 PISO,HOSPITALIZACIÓN ADULTOS EXPANSIÓN,"BOMBAS_2026_MAIN, ICU_MEDICAL_LIST, INV_2025"
21398071,21398071.0,BOMBA DE INFUSIÓN,ICU MEDICAL,PLUM A+,HOSPITALIZACIÓN QUIRÚRGICAS,HOSPITALIZACIÓN 4 PISO (M.I),HOSPITALIZACIÓN ADULTOS EXPANSIÓN,"BOMBAS_2026_MAIN, ICU_MEDICAL_LIST, INV_2025"
21398072,,BOMBA DE INFUSIÓN,ICU MEDICAL,PLUM A+,,UCI ADULTOS,HOSPITALIZACIÓN CIRUGÍA,"BOMBAS_2026_PENDIENTES, ICU_MEDICAL_LIST"
21398073,21398073.0,BOMBA DE INFUSIÓN,ICU MEDICAL,PLUM A+,HOSPITALIZACIÓN GINECO-OBSTETRICIA,GINECO,,"BOMBAS_2026_MAIN, ICU_MEDICAL_LIST, INV_2025"
21398074,,BOMBA DE INFUSIÓN,ICU MEDICAL,PLUM A+ ,,UCI ADULTOS,URGENCIAS ADULTOS,"BOMBAS_2026_MAIN, ICU_MEDICAL_LIST"
21398075,,BOMBA DE INFUSIÓN,ICU MEDICAL,PLUM A+,,UCI ADULTOS,,"BOMBAS_2026_MAIN, ICU_MEDICAL_LIST"
21398079,21398079.0,BOMBA DE INFUSIÓN,ICU MEDICAL,PLUM A+,HOSPITALIZACIÓN ADULTOS EXPANSIÓN,HEMATO 3 PISO,HOSPITALIZACIÓN CIRUGÍA,"BOMBAS_2026_MAIN, ICU_MEDICAL_LIST, INV_2025"
21398081,,BOMBA DE INFUSIÓN,ICU MEDICAL,PLUM A+,,UCI ADULTOS,HOSPITALIZACIÓN ADULTOS PISO 4,"BOMBAS_2026_MAIN, ICU_MEDICAL_LIST"
21398083,,BOMBA DE INFUSIÓN,ICU MEDICAL,PLUM A+,,INTERMEDIOS ADULTOS,HOSPITALIZACIÓN PEDIÁTRICA,"BOMBAS_2026_MAIN, ICU_MEDICAL_LIST"
21398084,,BOMBA DE INFUSIÓN,ICU MEDICAL,PLUM A+ ,,URGENCIAS,URGENCIAS PEDIATRÍA,"BOMBAS_2026_MAIN, ICU_MEDICAL_LIST"
21398146,21398146.0,BOMBA DE INFUSIÓN,ICU MEDICAL,PLUM A+ ,HOSPITALIZACIÓN QUIRÚRGICAS,HOSPITALIZACIÓN CIRUGIA,URGENCIAS PEDIATRÍA,"BOMBAS_2026_MAIN, ICU_MEDICAL_LIST, INV_2025"
21398149,,BOMBA DE INFUSIÓN,ICU MEDICAL,PLUM A+,,PEDIATRIA SALAS,,"BOMBAS_2026_MAIN, ICU_MEDICAL_LIST"
21398170,,BOMBA DE INFUSIÓN,ICU MEDICAL,PLUM A+ ,,UCI ADULTOS,URGENCIAS ADULTOS,"BOMBAS_2026_MAIN, ICU_MEDICAL_LIST"
21398173,,BOMBA DE INFUSIÓN,ICU MEDICAL,PLUM A+,,UCI ADULTOS,RETIRADO,ICU_MEDICAL_LIST
21398227,,BOMBA DE INFUSIÓN,ICU MEDICAL,PLUM A+,,INTERMEDIOS ADULTOS,HOSPITALIZACIÓN CIRUGÍA,"BOMBAS_2026_MAIN, ICU_MEDICAL_LIST"
21435480,,BOMBA DE INFUSIÓN,ICU MEDICAL,Plum 360 Driver Refurb,,UCI ADULTOS,,"BOMBAS_2026_MAIN, ICU_MEDICAL_LIST"
21435484,,BOMBA DE INFUSIÓN,ICU MEDICAL,Plum 360 Driver Refurb,,INTERMEDIOS ADULTOS,HOSPITALIZACIÓN ADULTOS PISO 4,"BOMBAS_2026_MAIN, ICU_MEDICAL_LIST"
21435524,,BOMBA DE INFUSIÓN,ICU MEDICAL,Plum 360 Driver Refurb,,UCI ADULTOS,,"BOMBAS_2026_MAIN, ICU_MEDICAL_LIST"
21435578,,BOMBA DE INFUSIÓN,ICU MEDICAL,Plum 360 Driver Refurb,,UCI ADULTOS,,"BOMBAS_2026_MAIN, ICU_MEDICAL_LIST"
21435653,,BOMBA DE INFUSIÓN,ICU MEDICAL,Plum 360 Driver Refurb,,UCI ADULTOS,,"BOMBAS_2026_MAIN, ICU_MEDICAL_LIST"
21436126,,BOMBA DE INFUSIÓN,ICU MEDICAL,Plum 360 Driver Refurb,,UCI ADULTOS,,"BOMBAS_2026_MAIN, ICU_MEDICAL_LIST"
21436361,,BOMBA DE INFUSIÓN,ICU MEDICAL,Plum 360 Driver Refurb,,UCI ADULTOS,UCI ADULTOS,"BOMBAS_2026_MAIN, ICU_MEDICAL_LIST"
21436507,,BOMBA DE INFUSIÓN,ICU MEDICAL,Plum 360 Driver Refurb,,UCI ADULTOS,INTERMEDIOS PEDIATRÍA,"BOMBAS_2026_MAIN, ICU_MEDICAL_LIST"
21436788,,BOMBA DE INFUSIÓN,ICU MEDICAL,Plum 360 Driver Refurb,,UCI ADULTOS,UCI NEONATAL,"BOMBAS_2026_PENDIENTES, ICU_MEDICAL_LIST"
21436906,,BOMBA DE INFUSIÓN,ICU MEDICAL,Plum 360 Driver Refurb,,UCI ADULTOS,UCI NEONATAL,"BOMBAS_2026_MAIN, ICU_MEDICAL_LIST"
21437150,,BOMBA DE INFUSIÓN,ICU MEDICAL,Plum 360 Driver Refurb,,UCI ADULTOS,INTERMEDIOS PEDIATRÍA,"BOMBAS_2026_MAIN, ICU_MEDICAL_LIST"
21437531,,BOMBA DE INFUSIÓN,ICU MEDICAL,Plum 360 Driver Refurb,,CIRUGIA,,"BOMBAS_2026_MAIN, ICU_MEDICAL_LIST"
21437670,,BOMBA DE INFUSIÓN,ICU MEDICAL,Plum 360 Driver Refurb,,INTERMEDIOS ADULTOS,,"BOMBAS_2026_MAIN, ICU_MEDICAL_LIST"
21437707,,BOMBA DE INFUSIÓN,ICU MEDICAL,Plum 360 Driver Refurb,,UCI ADULTOS,,"BOMBAS_2026_MAIN, ICU_MEDICAL_LIST"
21438471,,BOMBA DE INFUSIÓN,ICU MEDICAL,Plum 360 Driver Refurb,,UCI ADULTOS,,"BOMBAS_2026_MAIN, ICU_MEDICAL_LIST"
21439584,,BOMBA DE INFUSIÓN,ICU MEDICAL,Plum 360 Driver Refurb,,UCI ADULTOS,,"BOMBAS_2026_MAIN, ICU_MEDICAL_LIST"
21440221,,BOMBA DE INFUSIÓN,ICU MEDICAL,Plum 360 Driver Refurb,,INTERMEDIOS ADULTOS,,"BOMBAS_2026_MAIN, ICU_MEDICAL_LIST"
21780813,,BOMBA DE INFUSIÓN,ICU MEDICAL,Plum 360 Driver Refurb,,UCI ADULTOS,HOSPITALIZACIÓN CIRUGÍA,"BOMBAS_2026_MAIN, ICU_MEDICAL_LIST"
23055759,,BOMBA DE INFUSIÓN,ICU MEDICAL,PLUM A+,,URGENCIAS PEDIATRIA,HOSPITALIZACIÓN ADULTOS EXPANSIÓN,"BOMBAS_2026_MAIN, ICU_MEDICAL_LIST"
23056126,,BOMBA DE INFUSIÓN,ICU MEDICAL,PLUM A+,,UCI ADULTOS,HOSPITALIZACIÓN CIRUGÍA,"BOMBAS_2026_MAIN, ICU_MEDICAL_LIST"
23056359,,BOMBA DE INFUSIÓN,ICU MEDICAL,PLUM A+,,URGENCIAS PEDIATRIA,,"BOMBAS_2026_MAIN, ICU_MEDICAL_LIST"
23056831,,BOMBA DE INFUSIÓN,ICU MEDICAL,PLUM A+,,UCI PEDIATRICA,HOSPITALIZACIÓN ADULTOS EXPANSIÓN,"BOMBAS_2026_MAIN, ICU_MEDICAL_LIST"
23056864,,BOMBA DE INFUSIÓN,ICU MEDICAL,PLUM A+,,URGENCIAS PEDIATRIA,,"BOMBAS_2026_MAIN, ICU_MEDICAL_LIST"
23057187,,BOMBA DE INFUSIÓN,ICU MEDICAL,PLUM A+,,INTERMEDIOS PEDIATRIA,HOSPITALIZACIÓN ADULTOS PISO 4,"BOMBAS_2026_MAIN, ICU_MEDICAL_LIST"
23057558,,BOMBA DE INFUSIÓN,ICU MEDICAL,PLUM A+,,URGENCIAS PEDIATRIA,HOSPITALIZACIÓN ADULTOS EXPANSIÓN,"BOMBAS_2026_MAIN, ICU_MEDICAL_LIST"
23057581,,BOMBA DE INFUSIÓN,ICU MEDICAL,PLUM A+,,URGENCIAS PEDIATRIA,HOSPITALIZACIÓN ADULTOS EXPANSIÓN,"BOMBAS_2026_PENDIENTES, ICU_MEDICAL_LIST"
23057584,,BOMBA DE INFUSIÓN,ICU MEDICAL,PLUM A+,,UCI ADULTOS,HOSPITALIZACIÓN ADULTOS EXPANSIÓN,"BOMBAS_2026_MAIN, ICU_MEDICAL_LIST"
23057618,,BOMBA DE INFUSIÓN,ICU MEDICAL,PLUM A+,,UCI ADULTOS,HOSPITALIZACIÓN ADULTOS EXPANSIÓN,"BOMBAS_2026_PENDIENTES, ICU_MEDICAL_LIST"
23057643,,BOMBA DE INFUSIÓN,ICU MEDICAL,PLUM A+,,URGENCIAS PEDIATRIA,RETIRADO,"BOMBAS_2026_MAIN, ICU_MEDICAL_LIST"
23057649,,BOMBA DE INFUSIÓN,ICU MEDICAL,PLUM A+,,URGENCIAS PEDIATRIA,HOSPITALIZACIÓN ADULTOS EXPANSIÓN,"BOMBAS_2026_PENDIENTES, ICU_MEDICAL_LIST"
23057653,,BOMBA DE INFUSIÓN,ICU MEDICAL,PLUM A+,,URGENCIAS PEDIATRIA,,"BOMBAS_2026_MAIN, ICU_MEDICAL_LIST"
23058264,,BOMBA DE INFUSIÓN,ICU MEDICAL,PLUM A+,,PEDIATRIA SALAS,HOSPITALIZACIÓN ADULTOS PISO 5,"BOMBAS_2026_PENDIENTES, ICU_MEDICAL_LIST"
41405824,,BOMBA DE INFUSIÓN,ICU MEDICAL,Plum 360 Driver Refurb,,UCI ADULTOS,,"BOMBAS_2026_MAIN, ICU_MEDICAL_LIST"
41405976,,BOMBA DE INFUSIÓN,ICU MEDICAL,Plum 360 Driver Refurb,,UCI ADULTOS,INTERMEDIOS PEDIATRÍA,"BOMBAS_2026_MAIN, ICU_MEDICAL_LIST"
41406007,,BOMBA DE INFUSIÓN,ICU MEDICAL,Plum 360 Driver Refurb,,UCI ADULTOS,HOSPITALIZACIÓN CIRUGÍA,"BOMBAS_2026_MAIN, ICU_MEDICAL_LIST"
41406709,,BOMBA DE INFUSIÓN,ICU MEDICAL,Bomba de infusión Plum 360™ compatible con ICU Medical MedNet™,,UCI ADULTOS,UCI PEDIÁTRICA,"BOMBAS_2026_MAIN, ICU_MEDICAL_LIST"
41406725,41406725.0,BOMBA DE INFUSIÓN,ICU MEDICAL,Bomba de infusión Plum 360™ compatible con ICU Medical MedNet™,HOSPITALIZACIÓN GINECO-OBSTETRICIA,UCO,INTERMEDIOS PEDIATRÍA,"BOMBAS_2026_MAIN, ICU_MEDICAL_LIST, INV_2025"
41406736,41406736.0,BOMBA DE INFUSIÓN,ICU MEDICAL,Bomba de infusión Plum 360™ compatible con ICU Medical MedNet™,HOSPITALIZACIÓN GINECO-OBSTETRICIA,UCO,UCO,"BOMBAS_2026_MAIN, ICU_MEDICAL_LIST, INV_2025"
41406785,,BOMBA DE INFUSIÓN,ICU MEDICAL,Plum 360 Driver Refurb,,UCI ADULTOS,INTERMEDIOS PEDIATRÍA,"BOMBAS_2026_MAIN, ICU_MEDICAL_LIST"
41406845,,BOMBA DE INFUSIÓN,ICU MEDICAL,Bomba de infusión Plum 360™ compatible con ICU Medical MedNet™,,UCO,UCO,"BOMBAS_2026_MAIN, ICU_MEDICAL_LIST"
41406916,,BOMBA DE INFUSIÓN,ICU MEDICAL,Bomba de infusión Plum 360™ compatible con ICU Medical MedNet™,,UCI ADULTOS,UCO,"BOMBAS_2026_MAIN, ICU_MEDICAL_LIST"
41406933,,BOMBA DE INFUSIÓN,ICU MEDICAL,Bomba de infusión Plum 360™ compatible con ICU Medical MedNet™,,QUIMIO AMBULATORIA,,"BOMBAS_2026_MAIN, ICU_MEDICAL_LIST"
41406975,,BOMBA DE INFUSIÓN,ICU MEDICAL,Bomba de infusión Plum 360™ compatible con ICU Medical MedNet™,,URGENCIAS PEDIATRIA,UCI PEDIÁTRICA,"BOMBAS_2026_MAIN, ICU_MEDICAL_LIST"
41406993,,BOMBA DE INFUSIÓN,ICU MEDICAL,Bomba de infusión Plum 360™ compatible con ICU Medical MedNet™,,UCI ADULTOS,UCO,"BOMBAS_2026_PENDIENTES, ICU_MEDICAL_LIST"
41407169,,BOMBA DE INFUSIÓN,ICU MEDICAL,Bomba de infusión Plum 360™ compatible con ICU Medical MedNet™,,UCI ADULTOS,HOSPITALIZACIÓN CIRUGÍA,"BOMBAS_2026_MAIN, ICU_MEDICAL_LIST"
41407204,,BOMBA DE INFUSIÓN,ICU MEDICAL,Bomba de infusión Plum 360™ compatible con ICU Medical MedNet™,,UCI ADULTOS,UCI PEDIATRICA,"BOMBAS_2026_PENDIENTES, ICU_MEDICAL_LIST"
41407222,,BOMBA DE INFUSIÓN,ICU MEDICAL,Bomba de infusión Plum 360™ compatible con ICU Medical MedNet™,,UCI ADULTOS,,"BOMBAS_2026_MAIN, ICU_MEDICAL_LIST"
41407259,,BOMBA DE INFUSIÓN,ICU MEDICAL,Bomba de infusión Plum 360™ compatible con ICU Medical MedNet™,,QUIMIO AMBULATORIA,,"BOMBAS_2026_MAIN, ICU_MEDICAL_LIST"
41407317,,BOMBA DE INFUSIÓN,ICU MEDICAL,Bomba de infusión Plum 360™ compatible con ICU Medical MedNet™,,UCO,UCO,"BOMBAS_2026_MAIN, ICU_MEDICAL_LIST"
41407338,,BOMBA DE INFUSIÓN,ICU MEDICAL,Bomba de infusión Plum 360™ compatible con ICU Medical MedNet™,,UCO,UCO,"BOMBAS_2026_MAIN, ICU_MEDICAL_LIST"
41407349,,BOMBA DE INFUSIÓN,ICU MEDICAL,Bomba de infusión Plum 360™ compatible con ICU Medical MedNet™,,UCI ADULTOS,,"BOMBAS_2026_MAIN, ICU_MEDICAL_LIST"
41407357,,BOMBA DE INFUSIÓN,ICU MEDICAL,Bomba de infusión Plum 360™ compatible con ICU Medical MedNet™,,UCO,,"BOMBAS_2026_MAIN, ICU_MEDICAL_LIST"
41407369,,BOMBA DE INFUSIÓN,ICU MEDICAL,Bomba de infusión Plum 360™ compatible con ICU Medical MedNet™,,UCO,UCO,"BOMBAS_2026_MAIN, ICU_MEDICAL_LIST"
41407378,,BOMBA DE INFUSIÓN,ICU MEDICAL,Bomba de infusión Plum 360™ compatible con ICU Medical MedNet™,,INTERMEDIOS ADULTOS,,"BOMBAS_2026_MAIN, ICU_MEDICAL_LIST"
41407387,,BOMBA DE INFUSIÓN,ICU MEDICAL,Bomba de infusión Plum 360™ compatible con ICU Medical MedNet™,,CIRUGIA,,"BOMBAS_2026_MAIN, ICU_MEDICAL_LIST"
41407443,,BOMBA DE INFUSIÓN,ICU MEDICAL,Bomba de infusión Plum 360™ compatible con ICU Medical MedNet™,,QUIMIO AMBULATORIA,,"BOMBAS_2026_MAIN, ICU_MEDICAL_LIST"
41407457,,BOMBA DE INFUSIÓN,ICU MEDICAL,Bomba de infusión Plum 360™ compatible con ICU Medical MedNet™,,UCO,,"BOMBAS_2026_MAIN, ICU_MEDICAL_LIST"
41407490,,BOMBA DE INFUSIÓN,ICU MEDICAL,PLUM A+ ,,FALTA POR UBICAR,,"BOMBAS_2026_MAIN, ICU_MEDICAL_LIST"
41407646,,BOMBA DE INFUSIÓN,ICU MEDICAL,Plum 360 Driver Refurb,,UCI ADULTOS,UCI PEDIÁTRICA,"BOMBAS_2026_MAIN, ICU_MEDICAL_LIST"
41408377,,BOMBA DE INFUSIÓN,ICU MEDICAL,Bomba de infusión Plum 360™ compatible con ICU Medical MedNet™,,QUIMIO AMBULATORIA,,"BOMBAS_2026_PENDIENTES, ICU_MEDICAL_LIST"
41408378,,BOMBA DE INFUSIÓN,ICU MEDICAL,Bomba de infusión Plum 360™ compatible con ICU Medical MedNet™,,INTERMEDIOS ADULTOS,,"BOMBAS_2026_MAIN, ICU_MEDICAL_LIST"
41408381,,BOMBA DE INFUSIÓN,ICU MEDICAL,Bomba de infusión Plum 360™ compatible con ICU Medical MedNet™,,INTERMEDIOS ADULTOS,HOSPITALIZACIÓN CIRUGÍA,"BOMBAS_2026_MAIN, ICU_MEDICAL_LIST"
41408393,,BOMBA DE INFUSIÓN,ICU MEDICAL,Bomba de infusión Plum 360™ compatible con ICU Medical MedNet™,,UCO,UCO,"BOMBAS_2026_MAIN, ICU_MEDICAL_LIST"
41408397,,BOMBA DE INFUSIÓN,ICU MEDICAL,Bomba de infusión Plum 360™ compatible con ICU Medical MedNet™,,UCO,UCO,"BOMBAS_2026_MAIN, ICU_MEDICAL_LIST"
41408402,,BOMBA DE INFUSIÓN,ICU MEDICAL,Bomba de infusión Plum 360™ compatible con ICU Medical MedNet™,,QUIMIO AMBULATORIA,,"BOMBAS_2026_MAIN, ICU_MEDICAL_LIST"
41408405,,BOMBA DE INFUSIÓN,ICU MEDICAL,Bomba de infusión Plum 360™ compatible con ICU Medical MedNet™,,QUIMIO AMBULATORIA,,"BOMBAS_2026_MAIN, ICU_MEDICAL_LIST"
41408482,,BOMBA DE INFUSIÓN,ICU MEDICAL,Plum 360 Driver Refurb,,UCI ADULTOS,UCI PEDIÁTRICA,"BOMBAS_2026_MAIN, ICU_MEDICAL_LIST"
41408638,,BOMBA DE INFUSIÓN,ICU MEDICAL,Plum 360 Driver Refurb,,INTERMEDIOS ADULTOS,HOSPITALIZACIÓN ADULTOS PISO 4,"BOMBAS_2026_MAIN, ICU_MEDICAL_LIST"
41408929,,BOMBA DE INFUSIÓN,ICU MEDICAL,Plum 360 Driver Refurb,,UCI ADULTOS,,"BOMBAS_2026_MAIN, ICU_MEDICAL_LIST"
41409115,,BOMBA DE INFUSIÓN,ICU MEDICAL,Plum 360 Driver Refurb,,UCI ADULTOS,HOSPITALIZACIÓN ADULTOS PISO 5,"BOMBAS_2026_MAIN, ICU_MEDICAL_LIST"
41417019,,BOMBA DE INFUSIÓN,ICU MEDICAL,Plum 360 Driver Refurb,,INTERMEDIOS ADULTOS,UCI PEDIATRICA,"BOMBAS_2026_MAIN, ICU_MEDICAL_LIST"
41417110,,BOMBA DE INFUSIÓN,ICU MEDICAL,Plum 360 Driver Refurb,,UCI ADULTOS,UCO,"BOMBAS_2026_MAIN, ICU_MEDICAL_LIST"
41417863,,BOMBA DE INFUSIÓN,ICU MEDICAL,Plum 360 Driver Refurb,,UCI ADULTOS,,"BOMBAS_2026_MAIN, ICU_MEDICAL_LIST"
50400662,,BOMBA DE INFUSIÓN,ICU MEDICAL,,,,,BOMBAS_2026_PENDIENTES
50400667,,BOMBA DE INFUSIÓN,ICU MEDICAL,Plum 360,,,,BOMBAS_2026_MAIN
50400676,,BOMBA DE INFUSIÓN,ICU MEDICAL,Plum 360,,,,BOMBAS_2026_MAIN
50400682,,BOMBA DE INFUSIÓN,ICU MEDICAL,Plum 360,,,,BOMBAS_2026_MAIN
50400684,,BOMBA DE INFUSIÓN,ICU MEDICAL,Plum 360,,,,BOMBAS_2026_MAIN
50400707,,BOMBA DE INFUSIÓN,ICU MEDICAL,,,,,BOMBAS_2026_PENDIENTES
50400708,,BOMBA DE INFUSIÓN,ICU MEDICAL,Plum 360,,,,BOMBAS_2026_MAIN
50400709,,BOMBA DE INFUSIÓN,ICU MEDICAL,Plum 360,,,,BOMBAS_2026_MAIN
50400712,,BOMBA DE INFUSIÓN,ICU MEDICAL,Plum 360,,,,BOMBAS_2026_MAIN
50400717,,BOMBA DE INFUSIÓN,ICU MEDICAL,,,,,BOMBAS_2026_PENDIENTES
50400719,,BOMBA DE INFUSIÓN,ICU MEDICAL,Plum 360,,,,BOMBAS_2026_MAIN
50400720,,BOMBA DE INFUSIÓN,ICU MEDICAL,Plum 360,,,,BOMBAS_2026_MAIN
50400722,,BOMBA DE INFUSIÓN,ICU MEDICAL,Plum 360,,,,BOMBAS_2026_MAIN
50400725,,BOMBA DE INFUSIÓN,ICU MEDICAL,Plum 360,,,,BOMBAS_2026_MAIN
50400726,,BOMBA DE INFUSIÓN,ICU MEDICAL,Plum 360,,,,BOMBAS_2026_MAIN
50400729,,BOMBA DE INFUSIÓN,ICU MEDICAL,Plum 360,,,,BOMBAS_2026_MAIN
50400733,,BOMBA DE INFUSIÓN,ICU MEDICAL,Plum 360,,,,BOMBAS_2026_MAIN
50400741,,BOMBA DE INFUSIÓN,ICU MEDICAL,,,,,BOMBAS_2026_PENDIENTES
50400744,,BOMBA DE INFUSIÓN,ICU MEDICAL,Plum 360,,,,BOMBAS_2026_MAIN
50400748,,BOMBA DE INFUSIÓN,ICU MEDICAL,Plum 360,,,,BOMBAS_2026_MAIN
50400755,,BOMBA DE INFUSIÓN,ICU MEDICAL,Plum 360,,,,BOMBAS_2026_MAIN
50400756,,BOMBA DE INFUSIÓN,ICU MEDICAL,Plum 360,,,,BOMBAS_2026_MAIN
50400760,,BOMBA DE INFUSIÓN,ICU MEDICAL,Plum 360,,,,BOMBAS_2026_MAIN
50400761,,BOMBA DE INFUSIÓN,ICU MEDICAL,Plum 360,,,,BOMBAS_2026_MAIN
50400763,,BOMBA DE INFUSIÓN,ICU MEDICAL,Plum 360,,,,BOMBAS_2026_MAIN
50400767,,BOMBA DE INFUSIÓN,ICU MEDICAL,Plum 360,,,,BOMBAS_2026_MAIN
50400768,,BOMBA DE INFUSIÓN,ICU MEDICAL,Plum 360,,,,BOMBAS_2026_MAIN
50400772,,BOMBA DE INFUSIÓN,ICU MEDICAL,Plum 360,,,,BOMBAS_2026_MAIN
50400776,,BOMBA DE INFUSIÓN,ICU MEDICAL,Plum 360,,,,BOMBAS_2026_MAIN
50400777,,BOMBA DE INFUSIÓN,ICU MEDICAL,Plum 360,,,,BOMBAS_2026_MAIN
50400781,,BOMBA DE INFUSIÓN,ICU MEDICAL,Plum 360,,,,BOMBAS_2026_MAIN
50400782,,BOMBA DE INFUSIÓN,ICU MEDICAL,Plum 360,,,,BOMBAS_2026_MAIN
50400783,,BOMBA DE INFUSIÓN,ICU MEDICAL,Plum 360,,,,BOMBAS_2026_MAIN
50400785,,BOMBA DE INFUSIÓN,ICU MEDICAL,Plum 360,,,,BOMBAS_2026_MAIN
50400793,,BOMBA DE INFUSIÓN,ICU MEDICAL,Plum 360,,,,BOMBAS_2026_MAIN
50400797,,BOMBA DE INFUSIÓN,ICU MEDICAL,Plum 360,,,,BOMBAS_2026_MAIN
50400799,,BOMBA DE INFUSIÓN,ICU MEDICAL,Plum 360,,,,BOMBAS_2026_MAIN
50400802,,BOMBA DE INFUSIÓN,ICU MEDICAL,Plum 360,,,,BOMBAS_2026_MAIN
50400804,,BOMBA DE INFUSIÓN,ICU MEDICAL,Plum 360,,,,BOMBAS_2026_MAIN
50400806,,BOMBA DE INFUSIÓN,ICU MEDICAL,Plum 360,,,,BOMBAS_2026_MAIN
50400807,,BOMBA DE INFUSIÓN,ICU MEDICAL,Plum 360,,,,BOMBAS_2026_MAIN
50400808,,BOMBA DE INFUSIÓN,ICU MEDICAL,Plum 360,,,,BOMBAS_2026_MAIN
50400811,,BOMBA DE INFUSIÓN,ICU MEDICAL,Plum 360,,,,BOMBAS_2026_MAIN
50400812,,BOMBA DE INFUSIÓN,ICU MEDICAL,Plum 360,,,,BOMBAS_2026_MAIN
50400815,,BOMBA DE INFUSIÓN,ICU MEDICAL,Plum 360,,,,BOMBAS_2026_MAIN
50400816,,BOMBA DE INFUSIÓN,ICU MEDICAL,,,,,BOMBAS_2026_PENDIENTES
50400822,,BOMBA DE INFUSIÓN,ICU MEDICAL,Plum 360,,,,BOMBAS_2026_MAIN
50400824,,BOMBA DE INFUSIÓN,ICU MEDICAL,Plum 360,,,,BOMBAS_2026_MAIN
50400825,,BOMBA DE INFUSIÓN,ICU MEDICAL,Plum 360,,,,BOMBAS_2026_MAIN
50400830,,BOMBA DE INFUSIÓN,ICU MEDICAL,,,,,BOMBAS_2026_PENDIENTES
50400831,,BOMBA DE INFUSIÓN,ICU MEDICAL,Plum 360,,,,BOMBAS_2026_MAIN
50400834,,BOMBA DE INFUSIÓN,ICU MEDICAL,Plum 360,,,,BOMBAS_2026_MAIN
50400837,,BOMBA DE INFUSIÓN,ICU MEDICAL,Plum 360,,,,BOMBAS_2026_MAIN
50400840,,BOMBA DE INFUSIÓN,ICU MEDICAL,Plum 360,,,,BOMBAS_2026_MAIN
50400843,,BOMBA DE INFUSIÓN,ICU MEDICAL,Plum 360,,,,BOMBAS_2026_MAIN
50400844,,BOMBA DE INFUSIÓN,ICU MEDICAL,Plum 360,,,,BOMBAS_2026_MAIN
50400845,,BOMBA DE INFUSIÓN,ICU MEDICAL,Plum 360,,,,BOMBAS_2026_MAIN
50400852,,BOMBA DE INFUSIÓN,ICU MEDICAL,Plum 360,,,,BOMBAS_2026_MAIN
50400855,,BOMBA DE INFUSIÓN,ICU MEDICAL,Plum 360,,,,BOMBAS_2026_MAIN
50400856,,BOMBA DE INFUSIÓN,ICU MEDICAL,Plum 360,,,,BOMBAS_2026_MAIN
50400860,,BOMBA DE INFUSIÓN,ICU MEDICAL,Plum 360,,,,BOMBAS_2026_MAIN
50400861,,BOMBA DE INFUSIÓN,ICU MEDICAL,Plum 360,,,,BOMBAS_2026_MAIN
50400862,,BOMBA DE INFUSIÓN,ICU MEDICAL,Plum 360,,,,BOMBAS_2026_MAIN
50400867,,BOMBA DE INFUSIÓN,ICU MEDICAL,Plum 360,,,,BOMBAS_2026_MAIN
50400868,,BOMBA DE INFUSIÓN,ICU MEDICAL,Plum 360,,,,BOMBAS_2026_MAIN
50400872,,BOMBA DE INFUSIÓN,ICU MEDICAL,Plum 360,,,,BOMBAS_2026_MAIN
50400873,,BOMBA DE INFUSIÓN,ICU MEDICAL,Plum 360,,,,BOMBAS_2026_MAIN
50400874,,BOMBA DE INFUSIÓN,ICU MEDICAL,Plum 360,,,,BOMBAS_2026_MAIN
50400878,,BOMBA DE INFUSIÓN,ICU MEDICAL,,,,,BOMBAS_2026_PENDIENTES
50400881,,BOMBA DE INFUSIÓN,ICU MEDICAL,Plum 360,,,,BOMBAS_2026_MAIN
50400882,,BOMBA DE INFUSIÓN,ICU MEDICAL,Plum 360,,,,BOMBAS_2026_MAIN
50400897,,BOMBA DE INFUSIÓN,ICU MEDICAL,Plum 360,,,,BOMBAS_2026_MAIN
50400898,,BOMBA DE INFUSIÓN,ICU MEDICAL,,,,,BOMBAS_2026_PENDIENTES
50400900,,BOMBA DE INFUSIÓN,ICU MEDICAL,Plum 360,,,,BOMBAS_2026_MAIN
50400901,,BOMBA DE INFUSIÓN,ICU MEDICAL,Plum 360,,,,BOMBAS_2026_MAIN
50400904,,BOMBA DE INFUSIÓN,ICU MEDICAL,Plum 360,,,,BOMBAS_2026_MAIN
50400905,,BOMBA DE INFUSIÓN,ICU MEDICAL,Plum 360,,,,BOMBAS_2026_MAIN
50400907,,BOMBA DE INFUSIÓN,ICU MEDICAL,Plum 360,,,,BOMBAS_2026_MAIN
50400908,,BOMBA DE INFUSIÓN,ICU MEDICAL,,,,,BOMBAS_2026_PENDIENTES
50400915,,BOMBA DE INFUSIÓN,ICU MEDICAL,Plum 360,,,,BOMBAS_2026_MAIN
50400916,,BOMBA DE INFUSIÓN,ICU MEDICAL,,,,,BOMBAS_2026_PENDIENTES
50400917,,BOMBA DE INFUSIÓN,ICU MEDICAL,,,,,BOMBAS_2026_PENDIENTES
50400918,,BOMBA DE INFUSIÓN,ICU MEDICAL,,,,,BOMBAS_2026_PENDIENTES
50400919,,BOMBA DE INFUSIÓN,ICU MEDICAL,Plum 360,,,,BOMBAS_2026_MAIN
50400920,,BOMBA DE INFUSIÓN,ICU MEDICAL,Plum 360,,,,BOMBAS_2026_MAIN
50400924,,BOMBA DE INFUSIÓN,ICU MEDICAL,Plum 360,,,,BOMBAS_2026_MAIN
50400925,,BOMBA DE INFUSIÓN,ICU MEDICAL,Plum 360,,,,BOMBAS_2026_MAIN
50400928,,BOMBA DE INFUSIÓN,ICU MEDICAL,Plum 360,,,,BOMBAS_2026_MAIN
50400929,,BOMBA DE INFUSIÓN,ICU MEDICAL,Plum 360,,,,BOMBAS_2026_MAIN
50400930,,BOMBA DE INFUSIÓN,ICU MEDICAL,Plum 360,,,,BOMBAS_2026_MAIN
50400933,,BOMBA DE INFUSIÓN,ICU MEDICAL,Plum 360,,,,BOMBAS_2026_MAIN
50400934,,BOMBA DE INFUSIÓN,ICU MEDICAL,Plum 360,,,,BOMBAS_2026_MAIN
50400937,,BOMBA DE INFUSIÓN,ICU MEDICAL,Plum 360,,,,BOMBAS_2026_MAIN
50400938,,BOMBA DE INFUSIÓN,ICU MEDICAL,,,,,BOMBAS_2026_PENDIENTES
50400941,,BOMBA DE INFUSIÓN,ICU MEDICAL,Plum 360,,,,BOMBAS_2026_MAIN
50400942,,BOMBA DE INFUSIÓN,ICU MEDICAL,Plum 360,,,,BOMBAS_2026_MAIN
50400944,,BOMBA DE INFUSIÓN,ICU MEDICAL,Plum 360,,,,BOMBAS_2026_MAIN
50400945,,BOMBA DE INFUSIÓN,ICU MEDICAL,,,,,BOMBAS_2026_PENDIENTES
50400947,,BOMBA DE INFUSIÓN,ICU MEDICAL,,,,,BOMBAS_2026_PENDIENTES
50400949,,BOMBA DE INFUSIÓN,ICU MEDICAL,Plum 360,,,,BOMBAS_2026_MAIN
50400952,,BOMBA DE INFUSIÓN,ICU MEDICAL,,,,,BOMBAS_2026_PENDIENTES
50400954,,BOMBA DE INFUSIÓN,ICU MEDICAL,Plum 360,,,,BOMBAS_2026_MAIN
50400956,,BOMBA DE INFUSIÓN,ICU MEDICAL,Plum 360,,,,BOMBAS_2026_MAIN
50400957,,BOMBA DE INFUSIÓN,ICU MEDICAL,Plum 360,,,,BOMBAS_2026_MAIN
50400958,,BOMBA DE INFUSIÓN,ICU MEDICAL,Plum 360,,,,BOMBAS_2026_MAIN
50400976,,BOMBA DE INFUSIÓN,ICU MEDICAL,Plum 360,,,,BOMBAS_2026_MAIN
50400979,,BOMBA DE INFUSIÓN,ICU MEDICAL,Plum 360,,,,BOMBAS_2026_MAIN
50400981,,BOMBA DE INFUSIÓN,ICU MEDICAL,Plum 360,,,,BOMBAS_2026_MAIN
50400985,,BOMBA DE INFUSIÓN,ICU MEDICAL,,,,,BOMBAS_2026_PENDIENTES
50400986,,BOMBA DE INFUSIÓN,ICU MEDICAL,Plum 360,,,,BOMBAS_2026_MAIN
50400987,,BOMBA DE INFUSIÓN,ICU MEDICAL,,,,,BOMBAS_2026_PENDIENTES
50400988,,BOMBA DE INFUSIÓN,ICU MEDICAL,,,,,BOMBAS_2026_PENDIENTES
50400989,,BOMBA DE INFUSIÓN,ICU MEDICAL,Plum 360,,,,BOMBAS_2026_MAIN
50400992,,BOMBA DE INFUSIÓN,ICU MEDICAL,Plum 360,,,,BOMBAS_2026_MAIN
50400995,,BOMBA DE INFUSIÓN,ICU MEDICAL,Plum 360,,,,BOMBAS_2026_MAIN
50401004,,BOMBA DE INFUSIÓN,ICU MEDICAL,Plum 360,,,,BOMBAS_2026_MAIN
50401009,,BOMBA DE INFUSIÓN,ICU MEDICAL,Plum 360,,,,BOMBAS_2026_MAIN
50401011,,BOMBA DE INFUSIÓN,ICU MEDICAL,Plum 360,,,,BOMBAS_2026_MAIN
50401012,,BOMBA DE INFUSIÓN,ICU MEDICAL,Plum 360,,,,BOMBAS_2026_MAIN
50401013,,BOMBA DE INFUSIÓN,ICU MEDICAL,,,,,BOMBAS_2026_PENDIENTES
50401015,,BOMBA DE INFUSIÓN,ICU MEDICAL,Plum 360,,,,BOMBAS_2026_MAIN
50401016,,BOMBA DE INFUSIÓN,ICU MEDICAL,Plum 360,,,,BOMBAS_2026_MAIN
50401019,,BOMBA DE INFUSIÓN,ICU MEDICAL,Plum 360,,,,BOMBAS_2026_MAIN
50401021,,BOMBA DE INFUSIÓN,ICU MEDICAL,Plum 360,,,,BOMBAS_2026_MAIN
50401023,,BOMBA DE INFUSIÓN,ICU MEDICAL,,,,,BOMBAS_2026_PENDIENTES
50401024,,BOMBA DE INFUSIÓN,ICU MEDICAL,Plum 360,,,,BOMBAS_2026_MAIN
50401025,,BOMBA DE INFUSIÓN,ICU MEDICAL,Plum 360,,,,BOMBAS_2026_MAIN
50401026,,BOMBA DE INFUSIÓN,ICU MEDICAL,Plum 360,,,,BOMBAS_2026_MAIN
50401029,,BOMBA DE INFUSIÓN,ICU MEDICAL,Plum 360,,,,BOMBAS_2026_MAIN
50401033,,BOMBA DE INFUSIÓN,ICU MEDICAL,Plum 360,,,,BOMBAS_2026_MAIN
50401034,,BOMBA DE INFUSIÓN,ICU MEDICAL,Plum 360,,,,BOMBAS_2026_MAIN
50401035,,BOMBA DE INFUSIÓN,ICU MEDICAL,Plum 360,,,,BOMBAS_2026_MAIN
50401036,,BOMBA DE INFUSIÓN,ICU MEDICAL,Plum 360,,,,BOMBAS_2026_MAIN
50401038,,BOMBA DE INFUSIÓN,ICU MEDICAL,Plum 360,,,,BOMBAS_2026_MAIN
50401043,,BOMBA DE INFUSIÓN,ICU MEDICAL,Plum 360,,,,BOMBAS_2026_MAIN
50401044,,BOMBA DE INFUSIÓN,ICU MEDICAL,Plum 360,,,,BOMBAS_2026_MAIN
50401046,,BOMBA DE INFUSIÓN,ICU MEDICAL,Plum 360,,,,BOMBAS_2026_MAIN
50401049,,BOMBA DE INFUSIÓN,ICU MEDICAL,Plum 360,,,,BOMBAS_2026_MAIN
50401050,,BOMBA DE INFUSIÓN,ICU MEDICAL,Plum 360,,,,BOMBAS_2026_MAIN
50401054,,BOMBA DE INFUSIÓN,ICU MEDICAL,Plum 360,,,,BOMBAS_2026_MAIN
50401055,,BOMBA DE INFUSIÓN,ICU MEDICAL,Plum 360,,,,BOMBAS_2026_MAIN
50401056,,BOMBA DE INFUSIÓN,ICU MEDICAL,,,,,BOMBAS_2026_PENDIENTES
50401057,,BOMBA DE INFUSIÓN,ICU MEDICAL,Plum 360,,,,BOMBAS_2026_MAIN
50401058,,BOMBA DE INFUSIÓN,ICU MEDICAL,Plum 360,,,,BOMBAS_2026_MAIN
50401061,,BOMBA DE INFUSIÓN,ICU MEDICAL,Plum 360,,,,BOMBAS_2026_MAIN
50401062,,BOMBA DE INFUSIÓN,ICU MEDICAL,Plum 360,,,,BOMBAS_2026_MAIN
50401063,,BOMBA DE INFUSIÓN,ICU MEDICAL,Plum 360,,,,BOMBAS_2026_MAIN
50401064,,BOMBA DE INFUSIÓN,ICU MEDICAL,Plum 360,,,,BOMBAS_2026_MAIN
50401067,,BOMBA DE INFUSIÓN,ICU MEDICAL,Plum 360,,,,BOMBAS_2026_MAIN
50401068,,BOMBA DE INFUSIÓN,ICU MEDICAL,Plum 360,,,,BOMBAS_2026_MAIN
75240176,,BOMBA DE INFUSIÓN,ICU MEDICAL,PLUM A+,,UCO,,ICU_MEDICAL_LIST
75240255,75240255.0,BOMBA DE INFUSIÓN,ICU MEDICAL,PLUM A+,HOSPITALIZACIÓN QUIRÚRGICAS,CIRUGIA,RETIRADO,"ICU_MEDICAL_LIST, INV_2025"
75240268,,BOMBA DE INFUSIÓN,ICU MEDICAL,PLUM A+,,INTERMEDIOS PEDIATRIA,RETIRADO,ICU_MEDICAL_LIST
75240339,,BOMBA DE INFUSIÓN,ICU MEDICAL,PLUM A+,,URGENCIAS HOMBRES,RETIRADO,ICU_MEDICAL_LIST
75240403,75240403.0,BOMBA DE INFUSIÓN,ICU MEDICAL,PLUM A+,HOSPITALIZACIÓN QUIRÚRGICAS,INTERMEDIOS ADULTOS,RETIRADO,"ICU_MEDICAL_LIST, INV_2025"
75240419,75240419.0,BOMBA DE INFUSIÓN,ICU MEDICAL,PLUM A+,HOSPITALIZACIÓN QUIRÚRGICAS,HOSPITALIZACIÓN CIRUGIA,RETIRADO,"ICU_MEDICAL_LIST, INV_2025"
75240487,,BOMBA DE INFUSIÓN,ICU MEDICAL,PLUM A+,,UCI ADULTOS,RETIRADO,ICU_MEDICAL_LIST
75240552,,BOMBA DE INFUSIÓN,ICU MEDICAL,PLUM A+,,URGENCIAS PASILLO,RETIRADO,ICU_MEDICAL_LIST
75240808,75240808.0,BOMBA DE INFUSIÓN,ICU MEDICAL,PLUM A+,HOSPITALIZACIÓN QUIRÚRGICAS,UCI PEDIATRICA,RETIRADO,"ICU_MEDICAL_LIST, INV_2025"
75241086,,BOMBA DE INFUSIÓN,ICU MEDICAL,PLUM A+,,HOSPITALIZACIÓN CIRUGIA,RETIRADO,ICU_MEDICAL_LIST
75241245,,BOMBA DE INFUSIÓN,ICU MEDICAL,PLUM A+,,URGENCIAS HOMBRES,RETIRADO,ICU_MEDICAL_LIST
75242206,,BOMBA DE INFUSIÓN,ICU MEDICAL,PLUM A+,,URGENCIAS,RETIRADO,ICU_MEDICAL_LIST
75242237,75242237.0,BOMBA DE INFUSIÓN,ICU MEDICAL,PLUM A+,HOSPITALIZACIÓN QUIRÚRGICAS,HOSPITALIZACIÓN 4 PISO (M.I),RETIRADO,"ICU_MEDICAL_LIST, INV_2025"
75242259,,BOMBA DE INFUSIÓN,ICU MEDICAL,PLUM A+,,UCI PEDIATRICA,RETIRADO,ICU_MEDICAL_LIST
75242453,,BOMBA DE INFUSIÓN,ICU MEDICAL,PLUM A+,,URGENCIAS HOMBRES,RETIRADO,ICU_MEDICAL_LIST
75242688,,BOMBA DE INFUSIÓN,ICU MEDICAL,PLUM A+,,UCI NEO,RETIRADO,ICU_MEDICAL_LIST
75243564,75243564.0,BOMBA DE INFUSIÓN,ICU MEDICAL,PLUM A+,HOSPITALIZACIÓN QUIRÚRGICAS,URGENCIAS TRAUMA,RETIRADO,"ICU_MEDICAL_LIST, INV_2025"
75243645,,BOMBA DE INFUSIÓN,ICU MEDICAL,PLUM A+,,INTERMEDIOS ADULTOS,RETIRADO,ICU_MEDICAL_LIST
75243670,,BOMBA DE INFUSIÓN,ICU MEDICAL,PLUM A+,,URGENCIAS HOMBRES,RETIRADO,ICU_MEDICAL_LIST
75243680,,BOMBA DE INFUSIÓN,ICU MEDICAL,PLUM A+,,URGENCIAS PEDIATRIA,RETIRADO,ICU_MEDICAL_LIST
75243722,75243722.0,BOMBA DE INFUSIÓN,ICU MEDICAL,PLUM A+,HOSPITALIZACIÓN ADULTOS EXPANSIÓN,HEMATO 2 PISO,RETIRADO,"ICU_MEDICAL_LIST, INV_2025"
75244432,,BOMBA DE INFUSIÓN,ICU MEDICAL,PLUM A+,,UCI NEO,RETIRADO,ICU_MEDICAL_LIST
75244468,,BOMBA DE INFUSIÓN,ICU MEDICAL,PLUM A+,,INTERMEDIOS PEDIATRIA,,ICU_MEDICAL_LIST
75244795,,BOMBA DE INFUSIÓN,ICU MEDICAL,PLUM A+,,UCI ADULTOS,RETIRADO,ICU_MEDICAL_LIST
75244822,,BOMBA DE INFUSIÓN,ICU MEDICAL,PLUM A+,,UCI NEO,,"BOMBAS_2026_MAIN, ICU_MEDICAL_LIST"
75245789,,BOMBA DE INFUSIÓN,ICU MEDICAL,PLUM A+,,UCI NEO,RETIRADO,ICU_MEDICAL_LIST
75246047,,BOMBA DE INFUSIÓN,ICU MEDICAL,PLUM A+,,INTERMEDIOS ADULTOS,RETIRADO,ICU_MEDICAL_LIST
AF17101023,43238.0,BOMBA DE INFUSIÓN,ICU MEDICAL,FREEGOO,HOSPITALIZACIÓN QUIRÚRGICAS,Cubiculo 35,,INV_2025
AF17101026,43868.0,BOMBA DE INFUSIÓN,ICU MEDICAL,FREEGOO,CUIDADO INTERMEDIO PEDIÁTRICO,Cuidado Intensivo Pediatrico,,INV_2025
AF17101027,43865.0,BOMBA DE INFUSIÓN,ICU MEDICAL,FREEGOO,CUIDADO INTERMEDIO PEDIÁTRICO,Cuidado Intensivo Pediatrico,,INV_2025
AF17101028,43866.0,BOMBA DE INFUSIÓN,ICU MEDICAL,FREEGOO,CUIDADO INTENSIVO PEDIÁTRICO,Cuidado Intermedio Pediatrico,,INV_2025
AF17101029,43863.0,BOMBA DE INFUSIÓN,ICU MEDICAL,FREEGOO,CUIDADO INTERMEDIO PEDIÁTRICO,Cuidado Intensivo Pediatrico,,INV_2025
AF17102001,43717.0,BOMBA DE INFUSIÓN,ICU MEDICAL,FREEGOO,HOSPITALIZACIÓN PEDIATRÍA,,,INV_2025
AF17102002,43718.0,BOMBA DE INFUSIÓN,ICU MEDICAL,FREEGOO,CUIDADO INTERMEDIO PEDIÁTRICO,Cuidado Intensivo Pediatrico,,INV_2025
AF17102003,43715.0,BOMBA DE INFUSIÓN,ICU MEDICAL,FREEGOO,HOSPITALIZACIÓN PEDIATRÍA,,,INV_2025
AF17102007,43791.0,BOMBA DE INFUSIÓN,ICU MEDICAL,FREEGOO,HOSPITALIZACIÓN ADULTOS 4° PISO,,,INV_2025
AF17102008,43792.0,BOMBA DE INFUSIÓN,ICU MEDICAL,FREEGOO,HOSPITALIZACIÓN ADULTOS 5° PISO,,,INV_2025
AF17102009,43789.0,BOMBA DE INFUSIÓN,ICU MEDICAL,FREEGOO,HOSPITALIZACIÓN GINECO-OBSTETRICIA,Cubiculo 33,,INV_2025
AF17102010,43790.0,BOMBA DE INFUSIÓN,ICU MEDICAL,FREEGOO,HOSPITALIZACIÓN GINECO-OBSTETRICIA,Cubiculo 34,,INV_2025
AF17107017,43688.0,BOMBA DE INFUSIÓN,ICU MEDICAL,FREEGOO,HOSPITALIZACIÓN ADULTOS 5° PISO,,,INV_2025
AF17107018,43685.0,BOMBA DE INFUSIÓN,ICU MEDICAL,FREEGOO,HOSPITALIZACIÓN QUIRÚRGICAS,,,INV_2025
AF17107019,43686.0,BOMBA DE INFUSIÓN,ICU MEDICAL,FREEGOO,HOSPITALIZACIÓN QUIRÚRGICAS,,,INV_2025
AF17107020,43683.0,BOMBA DE INFUSIÓN,ICU MEDICAL,FREEGOO,HOSPITALIZACIÓN QUIRÚRGICAS,,,INV_2025
AF17107021,43417.0,BOMBA DE INFUSIÓN,ICU MEDICAL,FREEGOO,HOSPITALIZACIÓN QUIRÚRGICAS,,,INV_2025
AF17107023,43415.0,BOMBA DE INFUSIÓN,ICU MEDICAL,FREEGOO,HOSPITALIZACIÓN QUIRÚRGICAS,,,INV_2025
AF17107024,43416.0,BOMBA DE INFUSIÓN,ICU MEDICAL,FREEGOO,HOSPITALIZACIÓN ADULTOS 5° PISO,,,INV_2025
AF17107025,43413.0,BOMBA DE INFUSIÓN,ICU MEDICAL,FREEGOO,HOSPITALIZACIÓN ADULTOS 4° PISO,,,INV_2025
AF17107027,43615.0,BOMBA DE INFUSIÓN,ICU MEDICAL,FREEGOO,HOSPITALIZACIÓN ADULTOS 5° PISO,,,INV_2025
AF17107028,43616.0,BOMBA DE INFUSIÓN,ICU MEDICAL,FREEGOO,CUIDADO INTENSIVO PEDIÁTRICO,Cuidado Intermedio Pediatrico,,INV_2025
AF17107029,43613.0,BOMBA DE INFUSIÓN,ICU MEDICAL,FREEGOO,HOSPITALIZACIÓN QUIRÚRGICAS,,,INV_2025
AF17107030,43614.0,BOMBA DE INFUSIÓN,ICU MEDICAL,FREEGOO,HOSPITALIZACIÓN ADULTOS 4° PISO,,,INV_2025
AF17117068,42722.0,BOMBA DE INFUSIÓN,ICU MEDICAL,FREEGOO,CUIDADO INTENSIVO PEDIÁTRICO,Cuidado Intermedio Pediatrico,,INV_2025
AF17201032,42387.0,BOMBA DE INFUSIÓN,ICU MEDICAL,FREEGOO,HOSPITALIZACIÓN ADULTOS 4° PISO,,,INV_2025
AF19206024,46767.0,BOMBA DE INFUSIÓN,ICU MEDICAL,FREEGOO,HOSPITALIZACIÓN ADULTOS 4° PISO,,,INV_2025
AF19206036,46749.0,BOMBA DE INFUSIÓN,ICU MEDICAL,FREEGOO,HOSPITALIZACIÓN ADULTOS 5° PISO,,,INV_2025
AF19206064,46757.0,BOMBA DE INFUSIÓN,ICU MEDICAL,FREEGOO,HOSPITALIZACIÓN ADULTOS 5° PISO,,,INV_2025
AF19214030,46330.0,BOMBA DE INFUSIÓN,ICU MEDICAL,FREEGOO,URGENCIAS ADULTOS,,,INV_2025
AF19217020,,BOMBA DE INFUSIÓN,ICU MEDICAL,FREEGOO,HOSPITALIZACIÓN ADULTOS 4° PISO,,,INV_2025
AF19218057,46722.0,BOMBA DE INFUSIÓN,ICU MEDICAL,FREEGOO,HOSPITALIZACIÓN QUIRÚRGICAS,,,INV_2025
AF19218061,46911.0,BOMBA DE INFUSIÓN,ICU MEDICAL,FREEGOO,HOSPITALIZACIÓN QUIRÚRGICAS,,,INV_2025
AF19218062,46913.0,BOMBA DE INFUSIÓN,ICU MEDICAL,FREEGOO,HOSPITALIZACIÓN ADULTOS 4° PISO,,,INV_2025
AF19218065,46919.0,BOMBA DE INFUSIÓN,ICU MEDICAL,FREEGOO,URGENCIAS ADULTOS,,,INV_2025
AF19218080,46902.0,BOMBA DE INFUSIÓN,ICU MEDICAL,FREEGOO,HOSPITALIZACIÓN ADULTOS 4° PISO,,,INV_2025
AF19218081,46904.0,BOMBA DE INFUSIÓN,ICU MEDICAL,FREEGOO,URGENCIAS ADULTOS,,,INV_2025
AF19218082,46905.0,BOMBA DE INFUSIÓN,ICU MEDICAL,FREEGOO,HOSPITALIZACIÓN ADULTOS 5° PISO,,,INV_2025
AF22333330,51337.0,BOMBA DE INFUSIÓN,ICU MEDICAL,FREEGOO,HOSPITALIZACIÓN QUIRÚRGICAS,,,INV_2025
AF22333331,51338.0,BOMBA DE INFUSIÓN,ICU MEDICAL,FREEGOO,HOSPITALIZACIÓN QUIRÚRGICAS,,,INV_2025
AF22333332,51339.0,BOMBA DE INFUSIÓN,ICU MEDICAL,FREEGOO,HOSPITALIZACIÓN QUIRÚRGICAS,,,INV_2025
AF22333333,51340.0,BOMBA DE INFUSIÓN,ICU MEDICAL,FREEGOO,HOSPITALIZACIÓN QUIRÚRGICAS,,,INV_2025
AF22333334,51341.0,BOMBA DE INFUSIÓN,ICU MEDICAL,FREEGOO,HOSPITALIZACIÓN ADULTOS 4° PISO,,,INV_2025
AF22333335,51342.0,BOMBA DE INFUSIÓN,ICU MEDICAL,FREEGOO,HOSPITALIZACIÓN ADULTOS 4° PISO,,,INV_2025
AF22333336,51343.0,BOMBA DE INFUSIÓN,ICU MEDICAL,FREEGOO,HOSPITALIZACIÓN ADULTOS 5° PISO,,,INV_2025
AF22333337,51344.0,BOMBA DE INFUSIÓN,ICU MEDICAL,FREEGOO,HOSPITALIZACIÓN ADULTOS 5° PISO,,,INV_2025
AF22333338,51345.0,BOMBA DE INFUSIÓN,ICU MEDICAL,FREEGOO,URGENCIAS ADULTOS,,,INV_2025
AF22333339,51346.0,BOMBA DE INFUSIÓN,ICU MEDICAL,FREEGOO,URGENCIAS ADULTOS,,,INV_2025
AF22333340,51347.0,BOMBA DE INFUSIÓN,ICU MEDICAL,FREEGOO,URGENCIAS ADULTOS,,,INV_2025
AF22333343,51350.0,BOMBA DE INFUSIÓN,ICU MEDICAL,FREEGOO,HOSPITALIZACIÓN PEDIATRÍA,,,INV_2025
AF22333344,51351.0,BOMBA DE INFUSIÓN,ICU MEDICAL,FREEGOO,CUIDADO INTENSIVO PEDIÁTRICO,Cuidado Intensivo Pediatrico,,INV_2025
