Serial,Id_Unico,Equipo,Marca,Modelo,Servicio,Nueva_Ubicacion,Fuentes
17948543,,BOMBA DE INFUSIÓN,ICU MEDICAL,PLUM A+,,UCI PEDIÁTRICA,"BOMBAS_2026_MAIN, ICU_MEDICAL_LIST"
17949339,,BOMBA DE INFUSIÓN,ICU MEDICAL,PLUM A+ Wireless,,HOSPITALIZACIÓN ADULTOS PISO 4,"BOMBAS_2026_MAIN, ICU_MEDICAL_LIST"
17949437,,BOMBA DE INFUSIÓN,ICU MEDICAL,PLUM A+ ,,URGENCIAS PEDIATRÍA,"BOMBAS_2026_MAIN, ICU_MEDICAL_LIST"
17949608,,BOMBA DE INFUSIÓN,ICU MEDICAL,PLUM A+ Wireless,,HOSPITALIZACIÓN ADULTOS PISO 4,"BOMBAS_2026_MAIN, ICU_MEDICAL_LIST"
17949639,,BOMBA DE INFUSIÓN,ICU MEDICAL,PLUM A+ Wireless,,HOSPITALIZACIÓN ADULTOS PISO 4,"BOMBAS_2026_MAIN, ICU_MEDICAL_LIST"
17949695,17949695.0,BOMBA DE INFUSIÓN,ICU MEDICAL,PLUM A+ Wireless,HOSPITALIZACIÓN GINECO-OBSTETRICIA,UCI PEDIÁTRICA,"BOMBAS_2026_MAIN, ICU_MEDICAL_LIST, INV_2025"
17950382,,BOMBA DE INFUSIÓN,ICU MEDICAL,PLUM A+ Wireless ,,HOSPITALIZACIÓN ADULTOS PISO 4,"BOMBAS_2026_MAIN, ICU_MEDICAL_LIST"
17950478,,BOMBA DE INFUSIÓN,ICU MEDICAL,PLUM A+ Wireless,,HOSPITALIZACIÓN ADULTOS PISO 4,"BOMBAS_2026_PENDIENTES, ICU_MEDICAL_LIST"
17950509,17950509.0,BOMBA DE INFUSIÓN,ICU MEDICAL,PLUM A+ Wireless,HOSPITALIZACIÓN ADULTOS 5° PISO,,"BOMBAS_2026_MAIN, ICU_MEDICAL_LIST, INV_2025"
17950555,,BOMBA DE INFUSIÓN,ICU MEDICAL,PLUM A+ Wireless,,UCI PEDIATRICA,"BOMBAS_2026_MAIN, ICU_MEDICAL_LIST"
17950641,17950641.0,BOMBA DE INFUSIÓN,ICU MEDICAL,PLUM A+ Wireless,BLOQUE QUIRÚRGICO,UCI PEDIATRICA,"BOMBAS_2026_MAIN, ICU_MEDICAL_LIST, INV_2025"
17950690,,BOMBA DE INFUSIÓN,ICU MEDICAL,PLUM A+ Wireless,,UCI PEDIATRICA,"BOMBAS_2026_MAIN, ICU_MEDICAL_LIST"
17950738,,BOMBA DE INFUSIÓN,ICU MEDICAL,PLUM A+ Wireless,,,"BOMBAS_2026_MAIN, ICU_MEDICAL_LIST"
17950741,,BOMBA DE INFUSIÓN,ICU MEDICAL,PLUM A+ Wireless,,HOSPITALIZACIÓN ADULTOS EXPANSIÓN,"BOMBAS_2026_PENDIENTES, ICU_MEDICAL_LIST"
17950747,17950747.0,BOMBA DE INFUSIÓN,ICU MEDICAL,PLUM A+ Wireless,BLOQUE QUIRÚRGICO,HOSPITALIZACIÓN CIRUGÍA,"BOMBAS_2026_MAIN, ICU_MEDICAL_LIST, INV_2025"
17950752,,BOMBA DE INFUSIÓN,ICU MEDICAL,PLUM A+ Wireless,,,"BOMBAS_2026_MAIN, ICU_MEDICAL_LIST"
17950762,,BOMBA DE INFUSIÓN,ICU MEDICAL,PLUM A+ ,,URGENCIAS ADULTOS,"BOMBAS_2026_MAIN, ICU_MEDICAL_LIST"
17950799,,BOMBA DE INFUSIÓN,ICU MEDICAL,PLUM A+ Wireless,,UCI PEDIATRICA,"BOMBAS_2026_MAIN, ICU_MEDICAL_LIST"
17950808,17950808.0,BOMBA DE INFUSIÓN,ICU MEDICAL,PLUM A+ Wireless,BLOQUE QUIRÚRGICO,,"BOMBAS_2026_PENDIENTES, ICU_MEDICAL_LIST, INV_2025"
17950850,,BOMBA DE INFUSIÓN,ICU MEDICAL,PLUM A+ Wireless,,HOSPITALIZACIÓN ADULTOS PISO 5,"BOMBAS_2026_MAIN, ICU_MEDICAL_LIST"
17950898,,BOMBA DE INFUSIÓN,ICU MEDICAL,PLUM A+ ,,URGENCIAS ADULTOS,"BOMBAS_2026_MAIN, ICU_MEDICAL_LIST"
17950900,,BOMBA DE INFUSIÓN,ICU MEDICAL,PLUM A+ Wireless ,,HOSPITALIZACIÓN ADULTOS PISO 4,"BOMBAS_2026_MAIN, ICU_MEDICAL_LIST"
17950925,,BOMBA DE INFUSIÓN,ICU MEDICAL,PLUM A+ Wireless,,HOSPITALIZACIÓN ADULTOS EXPANSIÓN,"BOMBAS_2026_MAIN, ICU_MEDICAL_LIST"
17950945,,BOMBA DE INFUSIÓN,ICU MEDICAL,PLUM A+ ,,URGENCIAS ADULTOS,"BOMBAS_2026_MAIN, ICU_MEDICAL_LIST"
17950948,,BOMBA DE INFUSIÓN,ICU MEDICAL,PLUM A+ Wireless,,HOSPITALIZACIÓN ADULTOS EXPANSIÓN,"BOMBAS_2026_PENDIENTES, ICU_MEDICAL_LIST"
17950987,,BOMBA DE INFUSIÓN,ICU MEDICAL,PLUM A+ ,,URGENCIAS ADULTOS,"BOMBAS_2026_MAIN, ICU_MEDICAL_LIST"
17950994,,BOMBA DE INFUSIÓN,ICU MEDICAL,PLUM A+ Wireless,,,"BOMBAS_2026_MAIN, ICU_MEDICAL_LIST"
17951002,17951002.0,BOMBA DE INFUSIÓN,ICU MEDICAL,PLUM A+ Wireless,HOSPITALIZACIÓN QUIRÚRGICAS,HOSPITALIZACIÓN ADULTOS PISO 5,"BOMBAS_2026_MAIN, ICU_MEDICAL_LIST, INV_2025"
17951004,,BOMBA DE INFUSIÓN,ICU MEDICAL,PLUM A+ Wireless ,,,"BOMBAS_2026_MAIN, ICU_MEDICAL_LIST"
17951008,,BOMBA DE INFUSIÓN,ICU MEDICAL,PLUM A+ Wireless,,UCI PEDIATRICA,"BOMBAS_2026_MAIN, ICU_MEDICAL_LIST"
17951203,,BOMBA DE INFUSIÓN,ICU MEDICAL,PLUM A+ ,,UCI PEDIATRICA,"BOMBAS_2026_MAIN, ICU_MEDICAL_LIST"
17951256,,BOMBA DE INFUSIÓN,ICU MEDICAL,PLUM A+,,HOSPITALIZACIÓN ADULTOS PISO 4,"BOMBAS_2026_MAIN, ICU_MEDICAL_LIST"
17951848,,BOMBA DE INFUSIÓN,ICU MEDICAL,PLUM A+ Wireless,,UCI PEDIÁTRICA,"BOMBAS_2026_MAIN, ICU_MEDICAL_LIST"
17951891,,BOMBA DE INFUSIÓN,ICU MEDICAL,PLUM A+ Wireless,,UCI PEDIÁTRICA,"BOMBAS_2026_MAIN, ICU_MEDICAL_LIST"
17951899,17951899.0,BOMBA DE INFUSIÓN,ICU MEDICAL,PLUM A+ Wireless,HOSPITALIZACIÓN GINECO-OBSTETRICIA,UCI PEDIATRICA,"BOMBAS_2026_MAIN, ICU_MEDICAL_LIST, INV_2025"
17951981,,BOMBA DE INFUSIÓN,ICU MEDICAL,PLUM A+ Wireless,,,"BOMBAS_2026_MAIN, ICU_MEDICAL_LIST"
17951990,,BOMBA DE INFUSIÓN,ICU MEDICAL,PLUM A+ ,,URGENCIAS ADULTOS,"BOMBAS_2026_MAIN, ICU_MEDICAL_LIST"
17952019,,BOMBA DE INFUSIÓN,ICU MEDICAL,PLUM A+ ,,URGENCIAS ADULTOS,"BOMBAS_2026_MAIN, ICU_MEDICAL_LIST"
17952171,,BOMBA DE INFUSIÓN,ICU MEDICAL,PLUM A+ Wireless,,,"BOMBAS_2026_MAIN, ICU_MEDICAL_LIST"
17952250,17952250.0,BOMBA DE INFUSIÓN,ICU MEDICAL,PLUM A+ Wireless,HOSPITALIZACIÓN QUIRÚRGICAS,HOSPITALIZACIÓN ADULTOS PISO 5,"BOMBAS_2026_MAIN, ICU_MEDICAL_LIST, INV_2025"
17952346,,BOMBA DE INFUSIÓN,ICU MEDICAL,PLUM A+ ,,UCI PEDIATRICA,"BOMBAS_2026_MAIN, ICU_MEDICAL_LIST"
17952427,,BOMBA DE INFUSIÓN,ICU MEDICAL,PLUM A+ ,,URGENCIAS ADULTOS,"BOMBAS_2026_MAIN, ICU_MEDICAL_LIST"
17952541,,BOMBA DE INFUSIÓN,ICU MEDICAL,PLUM A+ Wireless,,,"BOMBAS_2026_MAIN, ICU_MEDICAL_LIST"
17952558,17952558.0,BOMBA DE INFUSIÓN,ICU MEDICAL,PLUM A+ Wireless,HOSPITALIZACIÓN ADULTOS 5° PISO,HOSPITALIZACIÓN ADULTOS PISO 5,"BOMBAS_2026_PENDIENTES, ICU_MEDICAL_LIST, INV_2025"
17952581,,BOMBA DE INFUSIÓN,ICU MEDICAL,PLUM A+ Wireless,,UCI PEDIATRICA,"BOMBAS_2026_MAIN, ICU_MEDICAL_LIST"
17952629,,BOMBA DE INFUSIÓN,ICU MEDICAL,PLUM A+ ,,URGENCIAS PEDIATRÍA,"BOMBAS_2026_MAIN, ICU_MEDICAL_LIST"
17955790,,BOMBA DE INFUSIÓN,ICU MEDICAL,PLUM A+,,HOSPITALIZACIÓN ADULTOS EXPANSIÓN,"BOMBAS_2026_MAIN, ICU_MEDICAL_LIST"
17955919,,BOMBA DE INFUSIÓN,ICU MEDICAL,PLUM A+,,HOSPITALIZACIÓN ADULTOS EXPANSIÓN,"BOMBAS_2026_MAIN, ICU_MEDICAL_LIST"
17956569,,BOMBA DE INFUSIÓN,ICU MEDICAL,PLUM A+ Wireless,,HOSPITALIZACIÓN ADULTOS PISO 4,"BOMBAS_2026_MAIN, ICU_MEDICAL_LIST"
17956711,,BOMBA DE INFUSIÓN,ICU MEDICAL,PLUM A+,,HOSPITALIZACIÓN ADULTOS EXPANSIÓN,"BOMBAS_2026_MAIN, ICU_MEDICAL_LIST"
18462959,18462959.0,BOMBA DE INFUSIÓN,ICU MEDICAL,PLUM A+,BLOQUE QUIRÚRGICO,HOSPITALIZACIÓN ADULTOS PISO 4,"BOMBAS_2026_PENDIENTES, ICU_MEDICAL_LIST, INV_2025"
21395660,,BOMBA DE INFUSIÓN,ICU MEDICAL,PLUM A+,,,"BOMBAS_2026_MAIN, ICU_MEDICAL_LIST"
21396534,21396534.0,BOMBA DE INFUSIÓN,ICU MEDICAL,PLUM A+,HOSPITALIZACIÓN ADULTOS EXPANSIÓN,URGENCIAS PEDIATRÍA,"BOMBAS_2026_MAIN, ICU_MEDICAL_LIST, INV_2025"
21396678,,BOMBA DE INFUSIÓN,ICU MEDICAL,PLUM A+,,HOSPITALIZACIÓN CIRUGÍA,"BOMBAS_2026_MAIN, ICU_MEDICAL_LIST"
21396712,,BOMBA DE INFUSIÓN,ICU MEDICAL,PLUM A+,,HOSPITALIZACIÓN CIRUGÍA,"BOMBAS_2026_PENDIENTES, ICU_MEDICAL_LIST"
21396718,,BOMBA DE INFUSIÓN,ICU MEDICAL,PLUM A+ ,,URGENCIAS ADULTOS,"BOMBAS_2026_MAIN, ICU_MEDICAL_LIST"
21396761,,BOMBA DE INFUSIÓN,ICU MEDICAL,PLUM A+,,URGENCIAS PEDIATRÍA,"BOMBAS_2026_MAIN, ICU_MEDICAL_LIST"
21397089,,BOMBA DE INFUSIÓN,ICU MEDICAL,PLUM A+,,HOSPITALIZACIÓN PEDIÁTRICA,"BOMBAS_2026_MAIN, ICU_MEDICAL_LIST"
21397112,,BOMBA DE INFUSIÓN,ICU MEDICAL,PLUM A+ ,,URGENCIAS ADULTOS,"BOMBAS_2026_MAIN, ICU_MEDICAL_LIST"
21397113,21397113.0,BOMBA DE INFUSIÓN,ICU MEDICAL,PLUM A+,BLOQUE QUIRÚRGICO,HOSPITALIZACIÓN CIRUGÍA,"BOMBAS_2026_PENDIENTES, ICU_MEDICAL_LIST, INV_2025"
21397138,,BOMBA DE INFUSIÓN,ICU MEDICAL,PLUM A+,,HOSPITALIZACIÓN ADULTOS PISO 4,"BOMBAS_2026_MAIN, ICU_MEDICAL_LIST"
21397164,,BOMBA DE INFUSIÓN,ICU MEDICAL,PLUM A+,,,"BOMBAS_2026_MAIN, ICU_MEDICAL_LIST"
21397173,,BOMBA DE INFUSIÓN,ICU MEDICAL,PLUM A+,,,"BOMBAS_2026_PENDIENTES, ICU_MEDICAL_LIST"
21397195,,BOMBA DE INFUSIÓN,ICU MEDICAL,PLUM A+,,,"BOMBAS_2026_MAIN, ICU_MEDICAL_LIST"
21397201,21397201.0,BOMBA DE INFUSIÓN,ICU MEDICAL,PLUM A+,HOSPITALIZACIÓN ADULTOS 5° PISO,,"BOMBAS_2026_MAIN, ICU_MEDICAL_LIST, INV_2025"
21397233,,BOMBA DE INFUSIÓN,ICU MEDICAL,PLUM A+,,HOSPITALIZACIÓN CIRUGÍA,"BOMBAS_2026_MAIN, ICU_MEDICAL_LIST"
21397244,,BOMBA DE INFUSIÓN,ICU MEDICAL,PLUM A+,,,"BOMBAS_2026_MAIN, ICU_MEDICAL_LIST"
21397246,,BOMBA DE INFUSIÓN,ICU MEDICAL,PLUM A+,,HOSPITALIZACIÓN ADULTOS PISO 4,"BOMBAS_2026_PENDIENTES, ICU_MEDICAL_LIST"
21397252,,BOMBA DE INFUSIÓN,ICU MEDICAL,PLUM A+ ,,URGENCIAS PEDIATRÍA,"BOMBAS_2026_MAIN, ICU_MEDICAL_LIST"
21397286,,BOMBA DE INFUSIÓN,ICU MEDICAL,PLUM A+,,HOSPITALIZACIÓN ADULTOS PISO 4,"BOMBAS_2026_MAIN, ICU_MEDICAL_LIST"
21397311,,BOMBA DE INFUSIÓN,ICU MEDICAL,PLUM A+,,HOSPITALIZACIÓN ADULTOS PISO 4,"BOMBAS_2026_MAIN, ICU_MEDICAL_LIST"
21397322,,BOMBA DE INFUSIÓN,ICU MEDICAL,PLUM A+ ,,,"BOMBAS_2026_MAIN, ICU_MEDICAL_LIST"
21397335,,BOMBA DE INFUSIÓN,ICU MEDICAL,PLUM A+ ,,URGENCIAS PEDIATRÍA,"BOMBAS_2026_MAIN, ICU_MEDICAL_LIST"
21397339,21397339.0,BOMBA DE INFUSIÓN,ICU MEDICAL,PLUM A+,HOSPITALIZACIÓN ADULTOS 5° PISO,HOSPITALIZACIÓN ADULTOS PISO 5,"BOMBAS_2026_PENDIENTES, ICU_MEDICAL_LIST, INV_2025"
21397344,21397344.0,BOMBA DE INFUSIÓN,ICU MEDICAL,PLUM A+,HOSPITALIZACIÓN QUIRÚRGICAS,,"BOMBAS_2026_MAIN, ICU_MEDICAL_LIST, INV_2025"
21397345,21397345.0,BOMBA DE INFUSIÓN,ICU MEDICAL,PLUM A+,HOSPITALIZACIÓN GINECO-OBSTETRICIA,URGENCIAS PEDIATRÍA,"BOMBAS_2026_MAIN, ICU_MEDICAL_LIST, INV_2025"
21397350,,BOMBA DE INFUSIÓN,ICU MEDICAL,PLUM A+,,HOSPITALIZACIÓN PEDIÁTRICA,"BOMBAS_2026_MAIN, ICU_MEDICAL_LIST"
21397353,,BOMBA DE INFUSIÓN,ICU MEDICAL,PLUM A+ ,,URGENCIAS ADULTOS,"BOMBAS_2026_MAIN, ICU_MEDICAL_LIST"
21397357,,BOMBA DE INFUSIÓN,ICU MEDICAL,PLUM A+ ,,URGENCIAS ADULTOS,"BOMBAS_2026_MAIN, ICU_MEDICAL_LIST"
21397359,,BOMBA DE INFUSIÓN,ICU MEDICAL,PLUM A+,,URGENCIAS PEDIATRÍA,"BOMBAS_2026_MAIN, ICU_MEDICAL_LIST"
21397362,21397362.0,BOMBA DE INFUSIÓN,ICU MEDICAL,PLUM A+,HOSPITALIZACIÓN ADULTOS 4° PISO,HOSPITALIZACIÓN ADULTOS PISO 4,"BOMBAS_2026_PENDIENTES, ICU_MEDICAL_LIST, INV_2025"
21397367,,BOMBA DE INFUSIÓN,ICU MEDICAL,PLUM A+,,HOSPITALIZACIÓN ADULTOS EXPANSIÓN,"BOMBAS_2026_MAIN, ICU_MEDICAL_LIST"
21397368,,BOMBA DE INFUSIÓN,ICU MEDICAL,PLUM A+,,HOSPITALIZACIÓN PEDIÁTRICA,"BOMBAS_2026_MAIN, ICU_MEDICAL_LIST"
21397380,21397380.0,BOMBA DE INFUSIÓN,ICU MEDICAL,PLUM A+,HOSPITALIZACIÓN ADULTOS 5° PISO,HOSPITALIZACIÓN ADULTOS PISO 5,"BOMBAS_2026_MAIN, ICU_MEDICAL_LIST, INV_2025"
21397387,,BOMBA DE INFUSIÓN,ICU MEDICAL,PLUM A+,,UCO,"BOMBAS_2026_PENDIENTES, ICU_MEDICAL_LIST"
21397389,,BOMBA DE INFUSIÓN,ICU MEDICAL,PLUM A+,,HOSPITALIZACIÓN ADULTOS PISO 5,"BOMBAS_2026_MAIN, ICU_MEDICAL_LIST"
21397390,,BOMBA DE INFUSIÓN,ICU MEDICAL,PLUM A+ ,,URGENCIAS ADULTOS,"BOMBAS_2026_MAIN, ICU_MEDICAL_LIST"
21397391,,BOMBA DE INFUSIÓN,ICU MEDICAL,PLUM A+ ,,URGENCIAS PEDIATRÍA,"BOMBAS_2026_PENDIENTES, ICU_MEDICAL_LIST"
21397394,,BOMBA DE INFUSIÓN,ICU MEDICAL,PLUM A+,,HOSPITALIZACIÓN ADULTOS PISO 4,"BOMBAS_2026_MAIN, ICU_MEDICAL_LIST"
21397398,,BOMBA DE INFUSIÓN,ICU MEDICAL,PLUM A+ ,,URGENCIAS ADULTOS,"BOMBAS_2026_MAIN, ICU_MEDICAL_LIST"
21397403,,BOMBA DE INFUSIÓN,ICU MEDICAL,PLUM A+ ,,URGENCIAS ADULTOS,"BOMBAS_2026_MAIN, ICU_MEDICAL_LIST"
21397404,21397404.0,BOMBA DE INFUSIÓN,ICU MEDICAL,PLUM A+,HOSPITALIZACIÓN ADULTOS 5° PISO,HOSPITALIZACIÓN ADULTOS PISO 5,"BOMBAS_2026_MAIN, ICU_MEDICAL_LIST, INV_2025"
21397407,,BOMBA DE INFUSIÓN,ICU MEDICAL,PLUM A+,,HOSPITALIZACIÓN ADULTOS EXPANSIÓN,"BOMBAS_2026_MAIN, ICU_MEDICAL_LIST"
21397408,21397408.0,BOMBA DE INFUSIÓN,ICU MEDICAL,PLUM A+,CARDIOLOGÍA,HOSPITALIZACIÓN PEDIÁTRICA,"BOMBAS_2026_MAIN, ICU_MEDICAL_LIST, INV_2025"
21397410,,BOMBA DE INFUSIÓN,ICU MEDICAL,PLUM A+,,HOSPITALIZACIÓN CIRUGÍA,"BOMBAS_2026_MAIN, ICU_MEDICAL_LIST"
21397411,,BOMBA DE INFUSIÓN,ICU MEDICAL,PLUM A+,,HOSPITALIZACIÓN CIRUGÍA,"BOMBAS_2026_MAIN, ICU_MEDICAL_LIST"
21397412,,BOMBA DE INFUSIÓN,ICU MEDICAL,PLUM A+,,,"BOMBAS_2026_MAIN, ICU_MEDICAL_LIST"
21397414,,BOMBA DE INFUSIÓN,ICU MEDICAL,PLUM A+,,,"BOMBAS_2026_MAIN, ICU_MEDICAL_LIST"
21397415,21397415.0,BOMBA DE INFUSIÓN,ICU MEDICAL,PLUM A+,HOSPITALIZACIÓN ADULTOS 5° PISO,HOSPITALIZACIÓN PEDIÁTRICA,"BOMBAS_2026_PENDIENTES, ICU_MEDICAL_LIST, INV_2025"
21397416,21397416.0,BOMBA DE INFUSIÓN,ICU MEDICAL,PLUM A+ ,HOSPITALIZACIÓN ADULTOS EXPANSIÓN,URGENCIAS ADULTOS,"BOMBAS_2026_MAIN, ICU_MEDICAL_LIST, INV_2025"
21397419,21397419.0,BOMBA DE INFUSIÓN,ICU MEDICAL,PLUM A+,HOSPITALIZACIÓN PEDIATRÍA (Ruta Dorada),HOSPITALIZACIÓN ADULTOS EXPANSIÓN,"BOMBAS_2026_MAIN, ICU_MEDICAL_LIST, INV_2025"
21397422,21397422.0,BOMBA DE INFUSIÓN,ICU MEDICAL,PLUM A+,HOSPITALIZACIÓN ADULTOS 5° PISO,,"BOMBAS_2026_MAIN, ICU_MEDICAL_LIST, INV_2025"
21397424,,BOMBA DE INFUSIÓN,ICU MEDICAL,PLUM A+,,,"BOMBAS_2026_MAIN, ICU_MEDICAL_LIST"
21397427,,BOMBA DE INFUSIÓN,ICU MEDICAL,PLUM A+ ,,URGENCIAS ADULTOS,"BOMBAS_2026_MAIN, ICU_MEDICAL_LIST"
21397429,,BOMBA DE INFUSIÓN,ICU MEDICAL,PLUM A+,,,"BOMBAS_2026_MAIN, ICU_MEDICAL_LIST"
21397431,21397431.0,BOMBA DE INFUSIÓN,ICU MEDICAL,PLUM A+,HOSPITALIZACIÓN PEDIATRÍA (Ruta Dorada),HOSPITALIZACIÓN 4 PISO (M.I),"BOMBAS_2026_PENDIENTES, ICU_MEDICAL_LIST, INV_2025"
21397456,,BOMBA DE INFUSIÓN,ICU MEDICAL,PLUM A+,,,"BOMBAS_2026_MAIN, ICU_MEDICAL_LIST"
21397458,,BOMBA DE INFUSIÓN,ICU MEDICAL,PLUM A+,,,"BOMBAS_2026_MAIN, ICU_MEDICAL_LIST"
21397465,,BOMBA DE INFUSIÓN,ICU MEDICAL,PLUM A+,,HOSPITALIZACIÓN ADULTOS PISO 5,"BOMBAS_2026_MAIN, ICU_MEDICAL_LIST"
21397466,,BOMBA DE INFUSIÓN,ICU MEDICAL,PLUM A+ ,,URGENCIAS ADULTOS,"BOMBAS_2026_MAIN, ICU_MEDICAL_LIST"
21397473,,BOMBA DE INFUSIÓN,ICU MEDICAL,PLUM A+,,,"BOMBAS_2026_MAIN, ICU_MEDICAL_LIST"
21397477,,BOMBA DE INFUSIÓN,ICU MEDICAL,PLUM A+,,,"BOMBAS_2026_PENDIENTES, ICU_MEDICAL_LIST"
21397496,,BOMBA DE INFUSIÓN,ICU MEDICAL,PLUM A+,,HOSPITALIZACIÓN ADULTOS EXPANSIÓN,"BOMBAS_2026_MAIN, ICU_MEDICAL_LIST"
21397497,,BOMBA DE INFUSIÓN,ICU MEDICAL,PLUM A+ ,,URGENCIAS ADULTOS,"BOMBAS_2026_MAIN, ICU_MEDICAL_LIST"
21397501,,BOMBA DE INFUSIÓN,ICU MEDICAL,PLUM A+ ,,URGENCIAS PEDIATRÍA,"BOMBAS_2026_MAIN, ICU_MEDICAL_LIST"
21397505,21397505.0,BOMBA DE INFUSIÓN,ICU MEDICAL,PLUM A+,HOSPITALIZACIÓN ADULTOS 5° PISO,,"BOMBAS_2026_MAIN, ICU_MEDICAL_LIST, INV_2025"
21397512,,BOMBA DE INFUSIÓN,ICU MEDICAL,PLUM A+ ,,URGENCIAS PEDIATRÍA,"BOMBAS_2026_MAIN, ICU_MEDICAL_LIST"
21397525,,BOMBA DE INFUSIÓN,ICU MEDICAL,PLUM A+,,HOSPITALIZACIÓN CIRUGÍA,"BOMBAS_2026_MAIN, ICU_MEDICAL_LIST"
21397532,21397532.0,BOMBA DE INFUSIÓN,ICU MEDICAL,PLUM A+,HOSPITALIZACIÓN ADULTOS 5° PISO,HOSPITALIZACIÓN ADULTOS PISO 4,"BOMBAS_2026_PENDIENTES, ICU_MEDICAL_LIST, INV_2025"
21397538,,BOMBA DE INFUSIÓN,ICU MEDICAL,PLUM A+ ,,URGENCIAS ADULTOS,"BOMBAS_2026_MAIN, ICU_MEDICAL_LIST"
21397539,,BOMBA DE INFUSIÓN,ICU MEDICAL,PLUM A+ ,,URGENCIAS PEDIATRÍA,"BOMBAS_2026_MAIN, ICU_MEDICAL_LIST"
21397550,,BOMBA DE INFUSIÓN,ICU MEDICAL,PLUM A+,,,"BOMBAS_2026_MAIN, ICU_MEDICAL_LIST"
21397552,,BOMBA DE INFUSIÓN,ICU MEDICAL,PLUM A+,,,"BOMBAS_2026_MAIN, ICU_MEDICAL_LIST"
21397556,,BOMBA DE INFUSIÓN,ICU MEDICAL,PLUM A+ ,,URGENCIAS ADULTOS,"BOMBAS_2026_MAIN, ICU_MEDICAL_LIST"
21397557,,BOMBA DE INFUSIÓN,ICU MEDICAL,PLUM A+,,HOSPITALIZACIÓN ADULTOS PISO 4,"BOMBAS_2026_PENDIENTES, ICU_MEDICAL_LIST"
21397559,,BOMBA DE INFUSIÓN,ICU MEDICAL,PLUM A+,,HOSPITALIZACIÓN ADULTOS PISO 4,"BOMBAS_2026_PENDIENTES, ICU_MEDICAL_LIST"
21397560,,BOMBA DE INFUSIÓN,ICU MEDICAL,PLUM A+,,HOSPITALIZACIÓN CIRUGÍA,"BOMBAS_2026_MAIN, ICU_MEDICAL_LIST"
21397562,,BOMBA DE INFUSIÓN,ICU MEDICAL,PLUM A+,,HOSPITALIZACIÓN CIRUGÍA,"BOMBAS_2026_MAIN, ICU_MEDICAL_LIST"
21397566,,BOMBA DE INFUSIÓN,ICU MEDICAL,PLUM A+,,,"BOMBAS_2026_PENDIENTES, ICU_MEDICAL_LIST"
21397570,,BOMBA DE INFUSIÓN,ICU MEDICAL,PLUM A+ ,,URGENCIAS ADULTOS,"BOMBAS_2026_MAIN, ICU_MEDICAL_LIST"
21397576,21397576.0,BOMBA DE INFUSIÓN,ICU MEDICAL,PLUM A+,HOSPITALIZACIÓN GINECO-OBSTETRICIA,,"BOMBAS_2026_MAIN, ICU_MEDICAL_LIST, INV_2025"
21397579,,BOMBA DE INFUSIÓN,ICU MEDICAL,PLUM A+ ,,URGENCIAS PEDIATRÍA,"BOMBAS_2026_MAIN, ICU_MEDICAL_LIST"
21397580,,BOMBA DE INFUSIÓN,ICU MEDICAL,PLUM A+ ,,URGENCIAS PEDIATRÍA,"BOMBAS_2026_PENDIENTES, ICU_MEDICAL_LIST"
21397588,,BOMBA DE INFUSIÓN,ICU MEDICAL,PLUM A+ ,,URGENCIAS ADULTOS,"BOMBAS_2026_MAIN, ICU_MEDICAL_LIST"
21397591,,BOMBA DE INFUSIÓN,ICU MEDICAL,PLUM A+,,GINECOBSTETRICIA,"BOMBAS_2026_MAIN, ICU_MEDICAL_LIST"
21397594,,BOMBA DE INFUSIÓN,ICU MEDICAL,PLUM A+,,URGENCIAS PEDIATRÍA,"BOMBAS_2026_MAIN, ICU_MEDICAL_LIST"
21397596,,BOMBA DE INFUSIÓN,ICU MEDICAL,PLUM A+,,URGENCIAS PEDIATRÍA,"BOMBAS_2026_MAIN, ICU_MEDICAL_LIST"
21397597,21397597.0,BOMBA DE INFUSIÓN,ICU MEDICAL,PLUM A+,BLOQUE QUIRÚRGICO,HOSPITALIZACIÓN CIRUGÍA,"BOMBAS_2026_MAIN, ICU_MEDICAL_LIST, INV_2025"
21397598,,BOMBA DE INFUSIÓN,ICU MEDICAL,PLUM A+,,HOSPITALIZACIÓN CIRUGÍA,"BOMBAS_2026_MAIN, ICU_MEDICAL_LIST"
21397602,,BOMBA DE INFUSIÓN,ICU MEDICAL,PLUM A+,,,"BOMBAS_2026_MAIN, ICU_MEDICAL_LIST"
21397603,,BOMBA DE INFUSIÓN,ICU MEDICAL,PLUM A+,,HOSPITALIZACIÓN ADULTOS EXPANSIÓN,"BOMBAS_2026_MAIN, ICU_MEDICAL_LIST"
21397604,21397604.0,BOMBA DE INFUSIÓN,ICU MEDICAL,PLUM A+ ,HOSPITALIZACIÓN ADULTOS 5° PISO,URGENCIAS PEDIATRÍA,"BOMBAS_2026_MAIN, ICU_MEDICAL_LIST, INV_2025"
21397626,,BOMBA DE INFUSIÓN,ICU MEDICAL,PLUM A+,,HOSPITALIZACIÓN ADULTOS PISO 4,"BOMBAS_2026_MAIN, ICU_MEDICAL_LIST"
21397631,21397631.0,BOMBA DE INFUSIÓN,ICU MEDICAL,PLUM A+ ,IMÁGENES DIAGNOSTICAS,URGENCIAS PEDIATRÍA,"BOMBAS_2026_MAIN, ICU_MEDICAL_LIST, INV_2025"
21397635,,BOMBA DE INFUSIÓN,ICU MEDICAL,PLUM A+,,HOSPITALIZACIÓN CIRUGÍA,"BOMBAS_2026_PENDIENTES, ICU_MEDICAL_LIST"
21397637,,BOMBA DE INFUSIÓN,ICU MEDICAL,PLUM A+ ,,URGENCIAS ADULTOS,"BOMBAS_2026_PENDIENTES, ICU_MEDICAL_LIST"
21397645,21397645.0,BOMBA DE INFUSIÓN,ICU MEDICAL,PLUM A+ ,HOSPITALIZACIÓN QUIRÚRGICAS,URGENCIAS ADULTOS,"BOMBAS_2026_MAIN, ICU_MEDICAL_LIST, INV_2025"
21397649,,BOMBA DE INFUSIÓN,ICU MEDICAL,PLUM A+,,HOSPITALIZACIÓN CIRUGÍA,"BOMBAS_2026_PENDIENTES, ICU_MEDICAL_LIST"
21397654,,BOMBA DE INFUSIÓN,ICU MEDICAL,PLUM A+,,HOSPITALIZACIÓN PEDIÁTRICA,"BOMBAS_2026_MAIN, ICU_MEDICAL_LIST"
21397657,,BOMBA DE INFUSIÓN,ICU MEDICAL,PLUM A+,,,"BOMBAS_2026_MAIN, ICU_MEDICAL_LIST"
21397661,21397661.0,BOMBA DE INFUSIÓN,ICU MEDICAL,PLUM A+,HOSPITALIZACIÓN GINECO-OBSTETRICIA,HOSPITALIZACIÓN CIRUGÍA,"BOMBAS_2026_MAIN, ICU_MEDICAL_LIST, INV_2025"
21397667,,BOMBA DE INFUSIÓN,ICU MEDICAL,PLUM A+,,,"BOMBAS_2026_MAIN, ICU_MEDICAL_LIST"
21397670,,BOMBA DE INFUSIÓN,ICU MEDICAL,PLUM A+,,URGENCIAS PEDIATRÍA,"BOMBAS_2026_MAIN, ICU_MEDICAL_LIST"
21397671,21397671.0,BOMBA DE INFUSIÓN,ICU MEDICAL,PLUM A+ ,HOSPITALIZACIÓN ADULTOS 5° PISO,URGENCIAS PEDIATRÍA,"BOMBAS_2026_MAIN, ICU_MEDICAL_LIST, INV_2025"
21397673,,BOMBA DE INFUSIÓN,ICU MEDICAL,PLUM A+ ,,URGENCIAS ADULTOS,"BOMBAS_2026_MAIN, ICU_MEDICAL_LIST"
21397679,,BOMBA DE INFUSIÓN,ICU MEDICAL,PLUM A+,,GINECOBSTETRICIA,"BOMBAS_2026_PENDIENTES, ICU_MEDICAL_LIST"
21397846,,BOMBA DE INFUSIÓN,ICU MEDICAL,PLUM A+ ,,URGENCIAS ADULTOS,"BOMBAS_2026_MAIN, ICU_MEDICAL_LIST"
21397851,,BOMBA DE INFUSIÓN,ICU MEDICAL,PLUM A+,,,"BOMBAS_2026_MAIN, ICU_MEDICAL_LIST"
21397853,,BOMBA DE INFUSIÓN,ICU MEDICAL,PLUM A+,,,"BOMBAS_2026_MAIN, ICU_MEDICAL_LIST"
21397856,,BOMBA DE INFUSIÓN,ICU MEDICAL,PLUM A+ ,,URGENCIAS ADULTOS,"BOMBAS_2026_MAIN, ICU_MEDICAL_LIST"
21397858,,BOMBA DE INFUSIÓN,ICU MEDICAL,PLUM A+ ,,URGENCIAS PEDIATRÍA,"BOMBAS_2026_MAIN, ICU_MEDICAL_LIST"
21397861,,BOMBA DE INFUSIÓN,ICU MEDICAL,PLUM A+,,HOSPITALIZACIÓN ADULTOS PISO 4,"BOMBAS_2026_PENDIENTES, ICU_MEDICAL_LIST"
21397864,,BOMBA DE INFUSIÓN,ICU MEDICAL,PLUM A+,,HOSPITALIZACIÓN ADULTOS PISO 5,"BOMBAS_2026_MAIN, ICU_MEDICAL_LIST"
21397870,,BOMBA DE INFUSIÓN,ICU MEDICAL,PLUM A+,,HOSPITALIZACIÓN CIRUGÍA,"BOMBAS_2026_MAIN, ICU_MEDICAL_LIST"
21397872,,BOMBA DE INFUSIÓN,ICU MEDICAL,PLUM A+,,HOSPITALIZACIÓN ADULTOS EXPANSIÓN,"BOMBAS_2026_MAIN, ICU_MEDICAL_LIST"
21397874,,BOMBA DE INFUSIÓN,ICU MEDICAL,PLUM A+ ,,URGENCIAS ADULTOS,"BOMBAS_2026_MAIN, ICU_MEDICAL_LIST"
21397875,,BOMBA DE INFUSIÓN,ICU MEDICAL,PLUM A+,,HOSPITALIZACIÓN ADULTOS PISO 5,"BOMBAS_2026_MAIN, ICU_MEDICAL_LIST"
21397876,,BOMBA DE INFUSIÓN,ICU MEDICAL,PLUM A+,,HOSPITALIZACIÓN ADULTOS PISO 4,"BOMBAS_2026_PENDIENTES, ICU_MEDICAL_LIST"
21397877,,BOMBA DE INFUSIÓN,ICU MEDICAL,PLUM A+,,,"BOMBAS_2026_MAIN, ICU_MEDICAL_LIST"
21397881,21397881.0,BOMBA DE INFUSIÓN,ICU MEDICAL,PLUM A+,BLOQUE QUIRÚRGICO,URGENCIAS PEDIATRÍA,"BOMBAS_2026_MAIN, ICU_MEDICAL_LIST, INV_2025"
21397887,21397887.0,BOMBA DE INFUSIÓN,ICU MEDICAL,PLUM A+,HOSPITALIZACIÓN GINECO-OBSTETRICIA,,"BOMBAS_2026_MAIN, ICU_MEDICAL_LIST, INV_2025"
21397889,,BOMBA DE INFUSIÓN,ICU MEDICAL,PLUM A+,,,"BOMBAS_2026_PENDIENTES, ICU_MEDICAL_LIST"
21397902,21397902.0,BOMBA DE INFUSIÓN,ICU MEDICAL,PLUM A+,HOSPITALIZACIÓN GINECO-OBSTETRICIA,HOSPITALIZACIÓN ADULTOS PISO 4,"BOMBAS_2026_PENDIENTES, ICU_MEDICAL_LIST, INV_2025"
21397908,,BOMBA DE INFUSIÓN,ICU MEDICAL,PLUM A+ ,,URGENCIAS ADULTOS,"BOMBAS_2026_MAIN, ICU_MEDICAL_LIST"
21397924,,BOMBA DE INFUSIÓN,ICU MEDICAL,PLUM A+,,HOSPITALIZACIÓN CIRUGÍA,"BOMBAS_2026_MAIN, ICU_MEDICAL_LIST"
21397929,21397929.0,BOMBA DE INFUSIÓN,ICU MEDICAL,PLUM A+ ,HOSPITALIZACIÓN PEDIATRÍA (Ruta Dorada),URGENCIAS ADULTOS,"BOMBAS_2026_MAIN, ICU_MEDICAL_LIST, INV_2025"
21397930,,BOMBA DE INFUSIÓN,ICU MEDICAL,PLUM A+ ,,HOSPITALIZACIÓN ADULTOS PISO 4,"BOMBAS_2026_MAIN, ICU_MEDICAL_LIST"
21397938,,BOMBA DE INFUSIÓN,ICU MEDICAL,PLUM A+ ,,URGENCIAS PEDIATRÍA,"BOMBAS_2026_MAIN, ICU_MEDICAL_LIST"
21397948,21397948.0,BOMBA DE INFUSIÓN,ICU MEDICAL,PLUM A+ ,HOSPITALIZACIÓN QUIRÚRGICAS,URGENCIAS ADULTOS,"BOMBAS_2026_MAIN, ICU_MEDICAL_LIST, INV_2025"
21397952,,BOMBA DE INFUSIÓN,ICU MEDICAL,PLUM A+ ,,URGENCIAS ADULTOS,"BOMBAS_2026_MAIN, ICU_MEDICAL_LIST"
21397954,21397954.0,BOMBA DE INFUSIÓN,ICU MEDICAL,PLUM A+,BLOQUE QUIRÚRGICO,,"BOMBAS_2026_MAIN, ICU_MEDICAL_LIST, INV_2025"
21397958,,BOMBA DE INFUSIÓN,ICU MEDICAL,PLUM A+ ,,URGENCIAS ADULTOS,"BOMBAS_2026_MAIN, ICU_MEDICAL_LIST"
21397962,,BOMBA DE INFUSIÓN,ICU MEDICAL,PLUM A+,,HOSPITALIZACIÓN PEDIÁTRICA,"BOMBAS_2026_MAIN, ICU_MEDICAL_LIST"
21397970,,BOMBA DE INFUSIÓN,ICU MEDICAL,PLUM A+,,HOSPITALIZACIÓN CIRUGÍA,"BOMBAS_2026_MAIN, ICU_MEDICAL_LIST"
21397972,,BOMBA DE INFUSIÓN,ICU MEDICAL,PLUM A+ ,,URGENCIAS PEDIATRÍA,"BOMBAS_2026_MAIN, ICU_MEDICAL_LIST"
21397982,21397982.0,BOMBA DE INFUSIÓN,ICU MEDICAL,PLUM A+ ,HOSPITALIZACIÓN ADULTOS EXPANSIÓN,URGENCIAS ADULTOS,"BOMBAS_2026_MAIN, ICU_MEDICAL_LIST, INV_2025"
21397983,,BOMBA DE INFUSIÓN,ICU MEDICAL,PLUM A+,,URGENCIAS PEDIATRÍA,"BOMBAS_2026_MAIN, ICU_MEDICAL_LIST"
21398010,21398010.0,BOMBA DE INFUSIÓN,ICU MEDICAL,PLUM A+,HOSPITALIZACIÓN PEDIATRÍA (Ruta Dorada),HOSPITALIZACIÓN ADULTOS PISO 4,"BOMBAS_2026_PENDIENTES, ICU_MEDICAL_LIST, INV_2025"
21398028,21398028.0,BOMBA DE INFUSIÓN,ICU MEDICAL,PLUM A+ ,HOSPITALIZACIÓN ADULTOS 5° PISO,URGENCIAS ADULTOS,"BOMBAS_2026_PENDIENTES, ICU_MEDICAL_LIST, INV_2025"
21398036,,BOMBA DE INFUSIÓN,ICU MEDICAL,PLUM A+ ,,URGENCIAS PEDIATRÍA,"BOMBAS_2026_MAIN, ICU_MEDICAL_LIST"
21398046,21398046.0,BOMBA DE INFUSIÓN,ICU MEDICAL,PLUM A+,HOSPITALIZACIÓN ADULTOS 5° PISO,,"BOMBAS_2026_MAIN, ICU_MEDICAL_LIST, INV_2025"
21398047,21398047.0,BOMBA DE INFUSIÓN,ICU MEDICAL,PLUM A+ ,HOSPITALIZACIÓN QUIRÚRGICAS,URGENCIAS ADULTOS,"BOMBAS_2026_MAIN, ICU_MEDICAL_LIST, INV_2025"
21398061,21398061.0,BOMBA DE INFUSIÓN,ICU MEDICAL,PLUM A+,HOSPITALIZACIÓN ADULTOS 5° PISO,HOSPITALIZACIÓN ADULTOS EXPANSIÓN,"BOMBAS_2026_MAIN, ICU_MEDICAL_LIST, INV_2025"
21398062,21398062.0,BOMBA DE INFUSIÓN,ICU MEDICAL,PLUM A+,HOSPITALIZACIÓN ADULTOS EXPANSIÓN,HOSPITALIZACIÓN ADULTOS EXPANSIÓN,"BOMBAS_2026_MAIN, ICU_MEDICAL_LIST, INV_2025"
21398071,21398071.0,BOMBA DE INFUSIÓN,ICU MEDICAL,PLUM A+,HOSPITALIZACIÓN QUIRÚRGICAS,HOSPITALIZACIÓN ADULTOS EXPANSIÓN,"BOMBAS_2026_MAIN, ICU_MEDICAL_LIST, INV_2025"
21398072,,BOMBA DE INFUSIÓN,ICU MEDICAL,PLUM A+,,HOSPITALIZACIÓN CIRUGÍA,"BOMBAS_2026_PENDIENTES, ICU_MEDICAL_LIST"
21398073,21398073.0,BOMBA DE INFUSIÓN,ICU MEDICAL,PLUM A+,HOSPITALIZACIÓN GINECO-OBSTETRICIA,,"BOMBAS_2026_MAIN, ICU_MEDICAL_LIST, INV_2025"
21398074,,BOMBA DE INFUSIÓN,ICU MEDICAL,PLUM A+ ,,URGENCIAS ADULTOS,"BOMBAS_2026_MAIN, ICU_MEDICAL_LIST"
21398075,,BOMBA DE INFUSIÓN,ICU MEDICAL,PLUM A+,,,"BOMBAS_2026_MAIN, ICU_MEDICAL_LIST"
21398079,21398079.0,BOMBA DE INFUSIÓN,ICU MEDICAL,PLUM A+,HOSPITALIZACIÓN ADULTOS EXPANSIÓN,HOSPITALIZACIÓN CIRUGÍA,"BOMBAS_2026_MAIN, ICU_MEDICAL_LIST, INV_2025"
21398081,,BOMBA DE INFUSIÓN,ICU MEDICAL,PLUM A+,,HOSPITALIZACIÓN ADULTOS PISO 4,"BOMBAS_2026_MAIN, ICU_MEDICAL_LIST"
21398083,,BOMBA DE INFUSIÓN,ICU MEDICAL,PLUM A+,,HOSPITALIZACIÓN PEDIÁTRICA,"BOMBAS_2026_MAIN, ICU_MEDICAL_LIST"
21398084,,BOMBA DE INFUSIÓN,ICU MEDICAL,PLUM A+ ,,URGENCIAS PEDIATRÍA,"BOMBAS_2026_MAIN, ICU_MEDICAL_LIST"
21398146,21398146.0,BOMBA DE INFUSIÓN,ICU MEDICAL,PLUM A+ ,HOSPITALIZACIÓN QUIRÚRGICAS,URGENCIAS PEDIATRÍA,"BOMBAS_2026_MAIN, ICU_MEDICAL_LIST, INV_2025"
21398149,,BOMBA DE INFUSIÓN,ICU MEDICAL,PLUM A+,,,"BOMBAS_2026_MAIN, ICU_MEDICAL_LIST"
21398170,,BOMBA DE INFUSIÓN,ICU MEDICAL,PLUM A+ ,,URGENCIAS ADULTOS,"BOMBAS_2026_MAIN, ICU_MEDICAL_LIST"
21398227,,BOMBA DE INFUSIÓN,ICU MEDICAL,PLUM A+,,HOSPITALIZACIÓN CIRUGÍA,"BOMBAS_2026_MAIN, ICU_MEDICAL_LIST"
21435480,,BOMBA DE INFUSIÓN,ICU MEDICAL,Plum 360 Driver Refurb,,,"BOMBAS_2026_MAIN, ICU_MEDICAL_LIST"
21435484,,BOMBA DE INFUSIÓN,ICU MEDICAL,Plum 360 Driver Refurb,,HOSPITALIZACIÓN ADULTOS PISO 4,"BOMBAS_2026_MAIN, ICU_MEDICAL_LIST"
21435524,,BOMBA DE INFUSIÓN,ICU MEDICAL,Plum 360 Driver Refurb,,,"BOMBAS_2026_MAIN, ICU_MEDICAL_LIST"
21435578,,BOMBA DE INFUSIÓN,ICU MEDICAL,Plum 360 Driver Refurb,,,"BOMBAS_2026_MAIN, ICU_MEDICAL_LIST"
21435653,,BOMBA DE INFUSIÓN,ICU MEDICAL,Plum 360 Driver Refurb,,,"BOMBAS_2026_MAIN, ICU_MEDICAL_LIST"
21436126,,BOMBA DE INFUSIÓN,ICU MEDICAL,Plum 360 Driver Refurb,,,"BOMBAS_2026_MAIN, ICU_MEDICAL_LIST"
21436361,,BOMBA DE INFUSIÓN,ICU MEDICAL,Plum 360 Driver Refurb,,UCI ADULTOS,"BOMBAS_2026_MAIN, ICU_MEDICAL_LIST"
21436507,,BOMBA DE INFUSIÓN,ICU MEDICAL,Plum 360 Driver Refurb,,INTERMEDIOS PEDIATRÍA,"BOMBAS_2026_MAIN, ICU_MEDICAL_LIST"
21436788,,BOMBA DE INFUSIÓN,ICU MEDICAL,Plum 360 Driver Refurb,,UCI NEONATAL,"BOMBAS_2026_PENDIENTES, ICU_MEDICAL_LIST"
21436906,,BOMBA DE INFUSIÓN,ICU MEDICAL,Plum 360 Driver Refurb,,UCI NEONATAL,"BOMBAS_2026_MAIN, ICU_MEDICAL_LIST"
21437150,,BOMBA DE INFUSIÓN,ICU MEDICAL,Plum 360 Driver Refurb,,INTERMEDIOS PEDIATRÍA,"BOMBAS_2026_MAIN, ICU_MEDICAL_LIST"
21437531,,BOMBA DE INFUSIÓN,ICU MEDICAL,Plum 360 Driver Refurb,,,"BOMBAS_2026_MAIN, ICU_MEDICAL_LIST"
21437670,,BOMBA DE INFUSIÓN,ICU MEDICAL,Plum 360 Driver Refurb,,,"BOMBAS_2026_MAIN, ICU_MEDICAL_LIST"
21437707,,BOMBA DE INFUSIÓN,ICU MEDICAL,Plum 360 Driver Refurb,,,"BOMBAS_2026_MAIN, ICU_MEDICAL_LIST"
21438471,,BOMBA DE INFUSIÓN,ICU MEDICAL,Plum 360 Driver Refurb,,,"BOMBAS_2026_MAIN, ICU_MEDICAL_LIST"
21439584,,BOMBA DE INFUSIÓN,ICU MEDICAL,Plum 360 Driver Refurb,,,"BOMBAS_2026_MAIN, ICU_MEDICAL_LIST"
21440221,,BOMBA DE INFUSIÓN,ICU MEDICAL,Plum 360 Driver Refurb,,,"BOMBAS_2026_MAIN, ICU_MEDICAL_LIST"
21780813,,BOMBA DE INFUSIÓN,ICU MEDICAL,Plum 360 Driver Refurb,,HOSPITALIZACIÓN CIRUGÍA,"BOMBAS_2026_MAIN, ICU_MEDICAL_LIST"
23055759,,BOMBA DE INFUSIÓN,ICU MEDICAL,PLUM A+,,HOSPITALIZACIÓN ADULTOS EXPANSIÓN,"BOMBAS_2026_MAIN, ICU_MEDICAL_LIST"
23056126,,BOMBA DE INFUSIÓN,ICU MEDICAL,PLUM A+,,HOSPITALIZACIÓN CIRUGÍA,"BOMBAS_2026_MAIN, ICU_MEDICAL_LIST"
23056359,,BOMBA DE INFUSIÓN,ICU MEDICAL,PLUM A+,,,"BOMBAS_2026_MAIN, ICU_MEDICAL_LIST"
23056831,,BOMBA DE INFUSIÓN,ICU MEDICAL,PLUM A+,,HOSPITALIZACIÓN ADULTOS EXPANSIÓN,"BOMBAS_2026_MAIN, ICU_MEDICAL_LIST"
23056864,,BOMBA DE INFUSIÓN,ICU MEDICAL,PLUM A+,,,"BOMBAS_2026_MAIN, ICU_MEDICAL_LIST"
23057187,,BOMBA DE INFUSIÓN,ICU MEDICAL,PLUM A+,,HOSPITALIZACIÓN ADULTOS PISO 4,"BOMBAS_2026_MAIN, ICU_MEDICAL_LIST"
23057558,,BOMBA DE INFUSIÓN,ICU MEDICAL,PLUM A+,,HOSPITALIZACIÓN ADULTOS EXPANSIÓN,"BOMBAS_2026_MAIN, ICU_MEDICAL_LIST"
23057581,,BOMBA DE INFUSIÓN,ICU MEDICAL,PLUM A+,,HOSPITALIZACIÓN ADULTOS EXPANSIÓN,"BOMBAS_2026_PENDIENTES, ICU_MEDICAL_LIST"
23057584,,BOMBA DE INFUSIÓN,ICU MEDICAL,PLUM A+,,HOSPITALIZACIÓN ADULTOS EXPANSIÓN,"BOMBAS_2026_MAIN, ICU_MEDICAL_LIST"
23057618,,BOMBA DE INFUSIÓN,ICU MEDICAL,PLUM A+,,HOSPITALIZACIÓN ADULTOS EXPANSIÓN,"BOMBAS_2026_PENDIENTES, ICU_MEDICAL_LIST"
23057643,,BOMBA DE INFUSIÓN,ICU MEDICAL,PLUM A+,,RETIRADO,"BOMBAS_2026_MAIN, ICU_MEDICAL_LIST"
23057649,,BOMBA DE INFUSIÓN,ICU MEDICAL,PLUM A+,,HOSPITALIZACIÓN ADULTOS EXPANSIÓN,"BOMBAS_2026_PENDIENTES, ICU_MEDICAL_LIST"
23057653,,BOMBA DE INFUSIÓN,ICU MEDICAL,PLUM A+,,,"BOMBAS_2026_MAIN, ICU_MEDICAL_LIST"
23058264,,BOMBA DE INFUSIÓN,ICU MEDICAL,PLUM A+,,HOSPITALIZACIÓN ADULTOS PISO 5,"BOMBAS_2026_PENDIENTES, ICU_MEDICAL_LIST"
41405824,,BOMBA DE INFUSIÓN,ICU MEDICAL,Plum 360 Driver Refurb,,,"BOMBAS_2026_MAIN, ICU_MEDICAL_LIST"
41405976,,BOMBA DE INFUSIÓN,ICU MEDICAL,Plum 360 Driver Refurb,,INTERMEDIOS PEDIATRÍA,"BOMBAS_2026_MAIN, ICU_MEDICAL_LIST"
41406007,,BOMBA DE INFUSIÓN,ICU MEDICAL,Plum 360 Driver Refurb,,HOSPITALIZACIÓN CIRUGÍA,"BOMBAS_2026_MAIN, ICU_MEDICAL_LIST"
41406709,,BOMBA DE INFUSIÓN,ICU MEDICAL,Bomba de infusión Plum 360™ compatible con ICU Medical MedNet™,,UCI PEDIÁTRICA,"BOMBAS_2026_MAIN, ICU_MEDICAL_LIST"
41406725,41406725.0,BOMBA DE INFUSIÓN,ICU MEDICAL,Bomba de infusión Plum 360™ compatible con ICU Medical MedNet™,HOSPITALIZACIÓN GINECO-OBSTETRICIA,INTERMEDIOS PEDIATRÍA,"BOMBAS_2026_MAIN, ICU_MEDICAL_LIST, INV_2025"
41406736,41406736.0,BOMBA DE INFUSIÓN,ICU MEDICAL,Bomba de infusión Plum 360™ compatible con ICU Medical MedNet™,HOSPITALIZACIÓN GINECO-OBSTETRICIA,UCO,"BOMBAS_2026_MAIN, ICU_MEDICAL_LIST, INV_2025"
41406785,,BOMBA DE INFUSIÓN,ICU MEDICAL,Plum 360 Driver Refurb,,INTERMEDIOS PEDIATRÍA,"BOMBAS_2026_MAIN, ICU_MEDICAL_LIST"
41406845,,BOMBA DE INFUSIÓN,ICU MEDICAL,Bomba de infusión Plum 360™ compatible con ICU Medical MedNet™,,UCO,"BOMBAS_2026_MAIN, ICU_MEDICAL_LIST"
41406916,,BOMBA DE INFUSIÓN,ICU MEDICAL,Bomba de infusión Plum 360™ compatible con ICU Medical MedNet™,,UCO,"BOMBAS_2026_MAIN, ICU_MEDICAL_LIST"
41406933,,BOMBA DE INFUSIÓN,ICU MEDICAL,Bomba de infusión Plum 360™ compatible con ICU Medical MedNet™,,,"BOMBAS_2026_MAIN, ICU_MEDICAL_LIST"
41406975,,BOMBA DE INFUSIÓN,ICU MEDICAL,Bomba de infusión Plum 360™ compatible con ICU Medical MedNet™,,UCI PEDIÁTRICA,"BOMBAS_2026_MAIN, ICU_MEDICAL_LIST"
41406993,,BOMBA DE INFUSIÓN,ICU MEDICAL,Bomba de infusión Plum 360™ compatible con ICU Medical MedNet™,,UCO,"BOMBAS_2026_PENDIENTES, ICU_MEDICAL_LIST"
41407169,,BOMBA DE INFUSIÓN,ICU MEDICAL,Bomba de infusión Plum 360™ compatible con ICU Medical MedNet™,,HOSPITALIZACIÓN CIRUGÍA,"BOMBAS_2026_MAIN, ICU_MEDICAL_LIST"
41407204,,BOMBA DE INFUSIÓN,ICU MEDICAL,Bomba de infusión Plum 360™ compatible con ICU Medical MedNet™,,UCI PEDIATRICA,"BOMBAS_2026_PENDIENTES, ICU_MEDICAL_LIST"
41407222,,BOMBA DE INFUSIÓN,ICU MEDICAL,Bomba de infusión Plum 360™ compatible con ICU Medical MedNet™,,,"BOMBAS_2026_MAIN, ICU_MEDICAL_LIST"
41407259,,BOMBA DE INFUSIÓN,ICU MEDICAL,Bomba de infusión Plum 360™ compatible con ICU Medical MedNet™,,,"BOMBAS_2026_MAIN, ICU_MEDICAL_LIST"
41407317,,BOMBA DE INFUSIÓN,ICU MEDICAL,Bomba de infusión Plum 360™ compatible con ICU Medical MedNet™,,UCO,"BOMBAS_2026_MAIN, ICU_MEDICAL_LIST"
41407338,,BOMBA DE INFUSIÓN,ICU MEDICAL,Bomba de infusión Plum 360™ compatible con ICU Medical MedNet™,,UCO,"BOMBAS_2026_MAIN, ICU_MEDICAL_LIST"
41407349,,BOMBA DE INFUSIÓN,ICU MEDICAL,Bomba de infusión Plum 360™ compatible con ICU Medical MedNet™,,,"BOMBAS_2026_MAIN, ICU_MEDICAL_LIST"
41407357,,BOMBA DE INFUSIÓN,ICU MEDICAL,Bomba de infusión Plum 360™ compatible con ICU Medical MedNet™,,,"BOMBAS_2026_MAIN, ICU_MEDICAL_LIST"
41407369,,BOMBA DE INFUSIÓN,ICU MEDICAL,Bomba de infusión Plum 360™ compatible con ICU Medical MedNet™,,UCO,"BOMBAS_2026_MAIN, ICU_MEDICAL_LIST"
41407378,,BOMBA DE INFUSIÓN,ICU MEDICAL,Bomba de infusión Plum 360™ compatible con ICU Medical MedNet™,,,"BOMBAS_2026_MAIN, ICU_MEDICAL_LIST"
41407387,,BOMBA DE INFUSIÓN,ICU MEDICAL,Bomba de infusión Plum 360™ compatible con ICU Medical MedNet™,,,"BOMBAS_2026_MAIN, ICU_MEDICAL_LIST"
41407443,,BOMBA DE INFUSIÓN,ICU MEDICAL,Bomba de infusión Plum 360™ compatible con ICU Medical MedNet™,,,"BOMBAS_2026_MAIN, ICU_MEDICAL_LIST"
41407457,,BOMBA DE INFUSIÓN,ICU MEDICAL,Bomba de infusión Plum 360™ compatible con ICU Medical MedNet™,,,"BOMBAS_2026_MAIN, ICU_MEDICAL_LIST"
41407490,,BOMBA DE INFUSIÓN,ICU MEDICAL,PLUM A+ ,,,"BOMBAS_2026_MAIN, ICU_MEDICAL_LIST"
41407646,,BOMBA DE INFUSIÓN,ICU MEDICAL,Plum 360 Driver Refurb,,UCI PEDIÁTRICA,"BOMBAS_2026_MAIN, ICU_MEDICAL_LIST"
41408377,,BOMBA DE INFUSIÓN,ICU MEDICAL,Bomba de infusión Plum 360™ compatible con ICU Medical MedNet™,,,"BOMBAS_2026_PENDIENTES, ICU_MEDICAL_LIST"
41408378,,BOMBA DE INFUSIÓN,ICU MEDICAL,Bomba de infusión Plum 360™ compatible con ICU Medical MedNet™,,,"BOMBAS_2026_MAIN, ICU_MEDICAL_LIST"
41408381,,BOMBA DE INFUSIÓN,ICU MEDICAL,Bomba de infusión Plum 360™ compatible con ICU Medical MedNet™,,HOSPITALIZACIÓN CIRUGÍA,"BOMBAS_2026_MAIN, ICU_MEDICAL_LIST"
41408393,,BOMBA DE INFUSIÓN,ICU MEDICAL,Bomba de infusión Plum 360™ compatible con ICU Medical MedNet™,,UCO,"BOMBAS_2026_MAIN, ICU_MEDICAL_LIST"
41408397,,BOMBA DE INFUSIÓN,ICU MEDICAL,Bomba de infusión Plum 360™ compatible con ICU Medical MedNet™,,UCO,"BOMBAS_2026_MAIN, ICU_MEDICAL_LIST"
41408402,,BOMBA DE INFUSIÓN,ICU MEDICAL,Bomba de infusión Plum 360™ compatible con ICU Medical MedNet™,,,"BOMBAS_2026_MAIN, ICU_MEDICAL_LIST"
41408405,,BOMBA DE INFUSIÓN,ICU MEDICAL,Bomba de infusión Plum 360™ compatible con ICU Medical MedNet™,,,"BOMBAS_2026_MAIN, ICU_MEDICAL_LIST"
41408482,,BOMBA DE INFUSIÓN,ICU MEDICAL,Plum 360 Driver Refurb,,UCI PEDIÁTRICA,"BOMBAS_2026_MAIN, ICU_MEDICAL_LIST"
41408638,,BOMBA DE INFUSIÓN,ICU MEDICAL,Plum 360 Driver Refurb,,HOSPITALIZACIÓN ADULTOS PISO 4,"BOMBAS_2026_MAIN, ICU_MEDICAL_LIST"
41408929,,BOMBA DE INFUSIÓN,ICU MEDICAL,Plum 360 Driver Refurb,,,"BOMBAS_2026_MAIN, ICU_MEDICAL_LIST"
41409115,,BOMBA DE INFUSIÓN,ICU MEDICAL,Plum 360 Driver Refurb,,HOSPITALIZACIÓN ADULTOS PISO 5,"BOMBAS_2026_MAIN, ICU_MEDICAL_LIST"
41417019,,BOMBA DE INFUSIÓN,ICU MEDICAL,Plum 360 Driver Refurb,,UCI PEDIATRICA,"BOMBAS_2026_MAIN, ICU_MEDICAL_LIST"
41417110,,BOMBA DE INFUSIÓN,ICU MEDICAL,Plum 360 Driver Refurb,,UCO,"BOMBAS_2026_MAIN, ICU_MEDICAL_LIST"
41417863,,BOMBA DE INFUSIÓN,ICU MEDICAL,Plum 360 Driver Refurb,,,"BOMBAS_2026_MAIN, ICU_MEDICAL_LIST"
50400662,,BOMBA DE INFUSIÓN,ICU MEDICAL,,,,BOMBAS_2026_PENDIENTES
50400667,,BOMBA DE INFUSIÓN,ICU MEDICAL,Plum 360,,,BOMBAS_2026_MAIN
50400676,,BOMBA DE INFUSIÓN,ICU MEDICAL,Plum 360,,,BOMBAS_2026_MAIN
50400682,,BOMBA DE INFUSIÓN,ICU MEDICAL,Plum 360,,,BOMBAS_2026_MAIN
50400684,,BOMBA DE INFUSIÓN,ICU MEDICAL,Plum 360,,,BOMBAS_2026_MAIN
50400707,,BOMBA DE INFUSIÓN,ICU MEDICAL,,,,BOMBAS_2026_PENDIENTES
50400708,,BOMBA DE INFUSIÓN,ICU MEDICAL,Plum 360,,,BOMBAS_2026_MAIN
50400709,,BOMBA DE INFUSIÓN,ICU MEDICAL,Plum 360,,,BOMBAS_2026_MAIN
50400712,,BOMBA DE INFUSIÓN,ICU MEDICAL,Plum 360,,,BOMBAS_2026_MAIN
50400717,,BOMBA DE INFUSIÓN,ICU MEDICAL,,,,BOMBAS_2026_PENDIENTES
50400719,,BOMBA DE INFUSIÓN,ICU MEDICAL,Plum 360,,,BOMBAS_2026_MAIN
50400720,,BOMBA DE INFUSIÓN,ICU MEDICAL,Plum 360,,,BOMBAS_2026_MAIN
50400722,,BOMBA DE INFUSIÓN,ICU MEDICAL,Plum 360,,,BOMBAS_2026_MAIN
50400725,,BOMBA DE INFUSIÓN,ICU MEDICAL,Plum 360,,,BOMBAS_2026_MAIN
50400726,,BOMBA DE INFUSIÓN,ICU MEDICAL,Plum 360,,,BOMBAS_2026_MAIN
50400729,,BOMBA DE INFUSIÓN,ICU MEDICAL,Plum 360,,,BOMBAS_2026_MAIN
50400733,,BOMBA DE INFUSIÓN,ICU MEDICAL,Plum 360,,,BOMBAS_2026_MAIN
50400741,,BOMBA DE INFUSIÓN,ICU MEDICAL,,,,BOMBAS_2026_PENDIENTES
50400744,,BOMBA DE INFUSIÓN,ICU MEDICAL,Plum 360,,,BOMBAS_2026_MAIN
50400748,,BOMBA DE INFUSIÓN,ICU MEDICAL,Plum 360,,,BOMBAS_2026_MAIN
50400755,,BOMBA DE INFUSIÓN,ICU MEDICAL,Plum 360,,,BOMBAS_2026_MAIN
50400756,,BOMBA DE INFUSIÓN,ICU MEDICAL,Plum 360,,,BOMBAS_2026_MAIN
50400760,,BOMBA DE INFUSIÓN,ICU MEDICAL,Plum 360,,,BOMBAS_2026_MAIN
50400761,,BOMBA DE INFUSIÓN,ICU MEDICAL,Plum 360,,,BOMBAS_2026_MAIN
50400763,,BOMBA DE INFUSIÓN,ICU MEDICAL,Plum 360,,,BOMBAS_2026_MAIN
50400767,,BOMBA DE INFUSIÓN,ICU MEDICAL,Plum 360,,,BOMBAS_2026_MAIN
50400768,,BOMBA DE INFUSIÓN,ICU MEDICAL,Plum 360,,,BOMBAS_2026_MAIN
50400772,,BOMBA DE INFUSIÓN,ICU MEDICAL,Plum 360,,,BOMBAS_2026_MAIN
50400776,,BOMBA DE INFUSIÓN,ICU MEDICAL,Plum 360,,,BOMBAS_2026_MAIN
50400777,,BOMBA DE INFUSIÓN,ICU MEDICAL,Plum 360,,,BOMBAS_2026_MAIN
50400781,,BOMBA DE INFUSIÓN,ICU MEDICAL,Plum 360,,,BOMBAS_2026_MAIN
50400782,,BOMBA DE INFUSIÓN,ICU MEDICAL,Plum 360,,,BOMBAS_2026_MAIN
50400783,,BOMBA DE INFUSIÓN,ICU MEDICAL,Plum 360,,,BOMBAS_2026_MAIN
50400785,,BOMBA DE INFUSIÓN,ICU MEDICAL,Plum 360,,,BOMBAS_2026_MAIN
50400793,,BOMBA DE INFUSIÓN,ICU MEDICAL,Plum 360,,,BOMBAS_2026_MAIN
50400797,,BOMBA DE INFUSIÓN,ICU MEDICAL,Plum 360,,,BOMBAS_2026_MAIN
50400799,,BOMBA DE INFUSIÓN,ICU MEDICAL,Plum 360,,,BOMBAS_2026_MAIN
50400802,,BOMBA DE INFUSIÓN,ICU MEDICAL,Plum 360,,,BOMBAS_2026_MAIN
50400804,,BOMBA DE INFUSIÓN,ICU MEDICAL,Plum 360,,,BOMBAS_2026_MAIN
50400806,,BOMBA DE INFUSIÓN,ICU MEDICAL,Plum 360,,,BOMBAS_2026_MAIN
50400807,,BOMBA DE INFUSIÓN,ICU MEDICAL,Plum 360,,,BOMBAS_2026_MAIN
50400808,,BOMBA DE INFUSIÓN,ICU MEDICAL,Plum 360,,,BOMBAS_2026_MAIN
50400811,,BOMBA DE INFUSIÓN,ICU MEDICAL,Plum 360,,,BOMBAS_2026_MAIN
50400812,,BOMBA DE INFUSIÓN,ICU MEDICAL,Plum 360,,,BOMBAS_2026_MAIN
50400815,,BOMBA DE INFUSIÓN,ICU MEDICAL,Plum 360,,,BOMBAS_2026_MAIN
50400816,,BOMBA DE INFUSIÓN,ICU MEDICAL,,,,BOMBAS_2026_PENDIENTES
50400822,,BOMBA DE INFUSIÓN,ICU MEDICAL,Plum 360,,,BOMBAS_2026_MAIN
50400824,,BOMBA DE INFUSIÓN,ICU MEDICAL,Plum 360,,,BOMBAS_2026_MAIN
50400825,,BOMBA DE INFUSIÓN,ICU MEDICAL,Plum 360,,,BOMBAS_2026_MAIN
50400830,,BOMBA DE INFUSIÓN,ICU MEDICAL,,,,BOMBAS_2026_PENDIENTES
50400831,,BOMBA DE INFUSIÓN,ICU MEDICAL,Plum 360,,,BOMBAS_2026_MAIN
50400834,,BOMBA DE INFUSIÓN,ICU MEDICAL,Plum 360,,,BOMBAS_2026_MAIN
50400837,,BOMBA DE INFUSIÓN,ICU MEDICAL,Plum 360,,,BOMBAS_2026_MAIN
50400840,,BOMBA DE INFUSIÓN,ICU MEDICAL,Plum 360,,,BOMBAS_2026_MAIN
50400843,,BOMBA DE INFUSIÓN,ICU MEDICAL,Plum 360,,,BOMBAS_2026_MAIN
50400844,,BOMBA DE INFUSIÓN,ICU MEDICAL,Plum 360,,,BOMBAS_2026_MAIN
50400845,,BOMBA DE INFUSIÓN,ICU MEDICAL,Plum 360,,,BOMBAS_2026_MAIN
50400852,,BOMBA DE INFUSIÓN,ICU MEDICAL,Plum 360,,,BOMBAS_2026_MAIN
50400855,,BOMBA DE INFUSIÓN,ICU MEDICAL,Plum 360,,,BOMBAS_2026_MAIN
50400856,,BOMBA DE INFUSIÓN,ICU MEDICAL,Plum 360,,,BOMBAS_2026_MAIN
50400860,,BOMBA DE INFUSIÓN,ICU MEDICAL,Plum 360,,,BOMBAS_2026_MAIN
50400861,,BOMBA DE INFUSIÓN,ICU MEDICAL,Plum 360,,,BOMBAS_2026_MAIN
50400862,,BOMBA DE INFUSIÓN,ICU MEDICAL,Plum 360,,,BOMBAS_2026_MAIN
50400867,,BOMBA DE INFUSIÓN,ICU MEDICAL,Plum 360,,,BOMBAS_2026_MAIN
50400868,,BOMBA DE INFUSIÓN,ICU MEDICAL,Plum 360,,,BOMBAS_2026_MAIN
50400872,,BOMBA DE INFUSIÓN,ICU MEDICAL,Plum 360,,,BOMBAS_2026_MAIN
50400873,,BOMBA DE INFUSIÓN,ICU MEDICAL,Plum 360,,,BOMBAS_2026_MAIN
50400874,,BOMBA DE INFUSIÓN,ICU MEDICAL,Plum 360,,,BOMBAS_2026_MAIN
50400878,,BOMBA DE INFUSIÓN,ICU MEDICAL,,,,BOMBAS_2026_PENDIENTES
50400881,,BOMBA DE INFUSIÓN,ICU MEDICAL,Plum 360,,,BOMBAS_2026_MAIN
50400882,,BOMBA DE INFUSIÓN,ICU MEDICAL,Plum 360,,,BOMBAS_2026_MAIN
50400897,,BOMBA DE INFUSIÓN,ICU MEDICAL,Plum 360,,,BOMBAS_2026_MAIN
50400898,,BOMBA DE INFUSIÓN,ICU MEDICAL,,,,BOMBAS_2026_PENDIENTES
50400900,,BOMBA DE INFUSIÓN,ICU MEDICAL,Plum 360,,,BOMBAS_2026_MAIN
50400901,,BOMBA DE INFUSIÓN,ICU MEDICAL,Plum 360,,,BOMBAS_2026_MAIN
50400904,,BOMBA DE INFUSIÓN,ICU MEDICAL,Plum 360,,,BOMBAS_2026_MAIN
50400905,,BOMBA DE INFUSIÓN,ICU MEDICAL,Plum 360,,,BOMBAS_2026_MAIN
50400907,,BOMBA DE INFUSIÓN,ICU MEDICAL,Plum 360,,,BOMBAS_2026_MAIN
50400908,,BOMBA DE INFUSIÓN,ICU MEDICAL,,,,BOMBAS_2026_PENDIENTES
50400915,,BOMBA DE INFUSIÓN,ICU MEDICAL,Plum 360,,,BOMBAS_2026_MAIN
50400916,,BOMBA DE INFUSIÓN,ICU MEDICAL,,,,BOMBAS_2026_PENDIENTES
50400917,,BOMBA DE INFUSIÓN,ICU MEDICAL,,,,BOMBAS_2026_PENDIENTES
50400918,,BOMBA DE INFUSIÓN,ICU MEDICAL,,,,BOMBAS_2026_PENDIENTES
50400919,,BOMBA DE INFUSIÓN,ICU MEDICAL,Plum 360,,,BOMBAS_2026_MAIN
50400920,,BOMBA DE INFUSIÓN,ICU MEDICAL,Plum 360,,,BOMBAS_2026_MAIN
50400924,,BOMBA DE INFUSIÓN,ICU MEDICAL,Plum 360,,,BOMBAS_2026_MAIN
50400925,,BOMBA DE INFUSIÓN,ICU MEDICAL,Plum 360,,,BOMBAS_2026_MAIN
50400928,,BOMBA DE INFUSIÓN,ICU MEDICAL,Plum 360,,,BOMBAS_2026_MAIN
50400929,,BOMBA DE INFUSIÓN,ICU MEDICAL,Plum 360,,,BOMBAS_2026_MAIN
50400930,,BOMBA DE INFUSIÓN,ICU MEDICAL,Plum 360,,,BOMBAS_2026_MAIN
50400933,,BOMBA DE INFUSIÓN,ICU MEDICAL,Plum 360,,,BOMBAS_2026_MAIN
50400934,,BOMBA DE INFUSIÓN,ICU MEDICAL,Plum 360,,,BOMBAS_2026_MAIN
50400937,,BOMBA DE INFUSIÓN,ICU MEDICAL,Plum 360,,,BOMBAS_2026_MAIN
50400938,,BOMBA DE INFUSIÓN,ICU MEDICAL,,,,BOMBAS_2026_PENDIENTES
50400941,,BOMBA DE INFUSIÓN,ICU MEDICAL,Plum 360,,,BOMBAS_2026_MAIN
50400942,,BOMBA DE INFUSIÓN,ICU MEDICAL,Plum 360,,,BOMBAS_2026_MAIN
50400944,,BOMBA DE INFUSIÓN,ICU MEDICAL,Plum 360,,,BOMBAS_2026_MAIN
50400945,,BOMBA DE INFUSIÓN,ICU MEDICAL,,,,BOMBAS_2026_PENDIENTES
50400947,,BOMBA DE INFUSIÓN,ICU MEDICAL,,,,BOMBAS_2026_PENDIENTES
50400949,,BOMBA DE INFUSIÓN,ICU MEDICAL,Plum 360,,,BOMBAS_2026_MAIN
50400952,,BOMBA DE INFUSIÓN,ICU MEDICAL,,,,BOMBAS_2026_PENDIENTES
50400954,,BOMBA DE INFUSIÓN,ICU MEDICAL,Plum 360,,,BOMBAS_2026_MAIN
50400956,,BOMBA DE INFUSIÓN,ICU MEDICAL,Plum 360,,,BOMBAS_2026_MAIN
50400957,,BOMBA DE INFUSIÓN,ICU MEDICAL,Plum 360,,,BOMBAS_2026_MAIN
50400958,,BOMBA DE INFUSIÓN,ICU MEDICAL,Plum 360,,,BOMBAS_2026_MAIN
50400976,,BOMBA DE INFUSIÓN,ICU MEDICAL,Plum 360,,,BOMBAS_2026_MAIN
50400979,,BOMBA DE INFUSIÓN,ICU MEDICAL,Plum 360,,,BOMBAS_2026_MAIN
50400981,,BOMBA DE INFUSIÓN,ICU MEDICAL,Plum 360,,,BOMBAS_2026_MAIN
50400985,,BOMBA DE INFUSIÓN,ICU MEDICAL,,,,BOMBAS_2026_PENDIENTES
50400986,,BOMBA DE INFUSIÓN,ICU MEDICAL,Plum 360,,,BOMBAS_2026_MAIN
50400987,,BOMBA DE INFUSIÓN,ICU MEDICAL,,,,BOMBAS_2026_PENDIENTES
50400988,,BOMBA DE INFUSIÓN,ICU MEDICAL,,,,BOMBAS_2026_PENDIENTES
50400989,,BOMBA DE INFUSIÓN,ICU MEDICAL,Plum 360,,,BOMBAS_2026_MAIN
50400992,,BOMBA DE INFUSIÓN,ICU MEDICAL,Plum 360,,,BOMBAS_2026_MAIN
50400995,,BOMBA DE INFUSIÓN,ICU MEDICAL,Plum 360,,,BOMBAS_2026_MAIN
50401004,,BOMBA DE INFUSIÓN,ICU MEDICAL,Plum 360,,,BOMBAS_2026_MAIN
50401009,,BOMBA DE INFUSIÓN,ICU MEDICAL,Plum 360,,,BOMBAS_2026_MAIN
50401011,,BOMBA DE INFUSIÓN,ICU MEDICAL,Plum 360,,,BOMBAS_2026_MAIN
50401012,,BOMBA DE INFUSIÓN,ICU MEDICAL,Plum 360,,,BOMBAS_2026_MAIN
50401013,,BOMBA DE INFUSIÓN,ICU MEDICAL,,,,BOMBAS_2026_PENDIENTES
50401015,,BOMBA DE INFUSIÓN,ICU MEDICAL,Plum 360,,,BOMBAS_2026_MAIN
50401016,,BOMBA DE INFUSIÓN,ICU MEDICAL,Plum 360,,,BOMBAS_2026_MAIN
50401019,,BOMBA DE INFUSIÓN,ICU MEDICAL,Plum 360,,,BOMBAS_2026_MAIN
50401021,,BOMBA DE INFUSIÓN,ICU MEDICAL,Plum 360,,,BOMBAS_2026_MAIN
50401023,,BOMBA DE INFUSIÓN,ICU MEDICAL,,,,BOMBAS_2026_PENDIENTES
50401024,,BOMBA DE INFUSIÓN,ICU MEDICAL,Plum 360,,,BOMBAS_2026_MAIN
50401025,,BOMBA DE INFUSIÓN,ICU MEDICAL,Plum 360,,,BOMBAS_2026_MAIN
50401026,,BOMBA DE INFUSIÓN,ICU MEDICAL,Plum 360,,,BOMBAS_2026_MAIN
50401029,,BOMBA DE INFUSIÓN,ICU MEDICAL,Plum 360,,,BOMBAS_2026_MAIN
50401033,,BOMBA DE INFUSIÓN,ICU MEDICAL,Plum 360,,,BOMBAS_2026_MAIN
50401034,,BOMBA DE INFUSIÓN,ICU MEDICAL,Plum 360,,,BOMBAS_2026_MAIN
50401035,,BOMBA DE INFUSIÓN,ICU MEDICAL,Plum 360,,,BOMBAS_2026_MAIN
50401036,,BOMBA DE INFUSIÓN,ICU MEDICAL,Plum 360,,,BOMBAS_2026_MAIN
50401038,,BOMBA DE INFUSIÓN,ICU MEDICAL,Plum 360,,,BOMBAS_2026_MAIN
50401043,,BOMBA DE INFUSIÓN,ICU MEDICAL,Plum 360,,,BOMBAS_2026_MAIN
50401044,,BOMBA DE INFUSIÓN,ICU MEDICAL,Plum 360,,,BOMBAS_2026_MAIN
50401046,,BOMBA DE INFUSIÓN,ICU MEDICAL,Plum 360,,,BOMBAS_2026_MAIN
50401049,,BOMBA DE INFUSIÓN,ICU MEDICAL,Plum 360,,,BOMBAS_2026_MAIN
50401050,,BOMBA DE INFUSIÓN,ICU MEDICAL,Plum 360,,,BOMBAS_2026_MAIN
50401054,,BOMBA DE INFUSIÓN,ICU MEDICAL,Plum 360,,,BOMBAS_2026_MAIN
50401055,,BOMBA DE INFUSIÓN,ICU MEDICAL,Plum 360,,,BOMBAS_2026_MAIN
50401056,,BOMBA DE INFUSIÓN,ICU MEDICAL,,,,BOMBAS_2026_PENDIENTES
50401057,,BOMBA DE INFUSIÓN,ICU MEDICAL,Plum 360,,,BOMBAS_2026_MAIN
50401058,,BOMBA DE INFUSIÓN,ICU MEDICAL,Plum 360,,,BOMBAS_2026_MAIN
50401061,,BOMBA DE INFUSIÓN,ICU MEDICAL,Plum 360,,,BOMBAS_2026_MAIN
50401062,,BOMBA DE INFUSIÓN,ICU MEDICAL,Plum 360,,,BOMBAS_2026_MAIN
50401063,,BOMBA DE INFUSIÓN,ICU MEDICAL,Plum 360,,,BOMBAS_2026_MAIN
50401064,,BOMBA DE INFUSIÓN,ICU MEDICAL,Plum 360,,,BOMBAS_2026_MAIN
50401067,,BOMBA DE INFUSIÓN,ICU MEDICAL,Plum 360,,,BOMBAS_2026_MAIN
50401068,,BOMBA DE INFUSIÓN,ICU MEDICAL,Plum 360,,,BOMBAS_2026_MAIN
75244822,,BOMBA DE INFUSIÓN,ICU MEDICAL,PLUM A+,,,"BOMBAS_2026_MAIN, ICU_MEDICAL_LIST"
